================================================================================
RANDOM FOREST HYPERPARAMETER SEARCH REPORT
================================================================================

Total Combinations Tested: 1280
Date: 2025-11-22 13:12:27

--------------------------------------------------------------------------------
BEST MODEL
--------------------------------------------------------------------------------
n_estimators:      64
max_depth:         10
min_samples_split: 2
min_samples_leaf:  12

Validation Performance:
  accuracy: 0.717557
  precision: 0.712456
  recall: 0.717557
  f1_score: 0.709486

Training Performance:
  train_accuracy: 0.760829
  train_precision: 0.758358
  train_recall: 0.760829
  train_f1_score: 0.757259

Overfitting Analysis:
  Accuracy gap (train - val): 0.043271
  F1 gap (train - val): 0.047773

--------------------------------------------------------------------------------
TOP 10 CONFIGURATIONS (by f1_score)
--------------------------------------------------------------------------------

Rank 1:
  n_estimators=64.0, max_depth=10.0, min_samples_split=20.0, min_samples_leaf=12.0
  accuracy: 0.717557
  precision: 0.712456
  recall: 0.717557
  f1_score: 0.709486

Rank 2:
  n_estimators=64.0, max_depth=10.0, min_samples_split=2.0, min_samples_leaf=12.0
  accuracy: 0.717557
  precision: 0.712456
  recall: 0.717557
  f1_score: 0.709486

Rank 3:
  n_estimators=64.0, max_depth=10.0, min_samples_split=10.0, min_samples_leaf=12.0
  accuracy: 0.717557
  precision: 0.712456
  recall: 0.717557
  f1_score: 0.709486

Rank 4:
  n_estimators=64.0, max_depth=10.0, min_samples_split=5.0, min_samples_leaf=12.0
  accuracy: 0.717557
  precision: 0.712456
  recall: 0.717557
  f1_score: 0.709486

Rank 5:
  n_estimators=64.0, max_depth=12.0, min_samples_split=10.0, min_samples_leaf=1.0
  accuracy: 0.717557
  precision: 0.708998
  recall: 0.717557
  f1_score: 0.708417

Rank 6:
  n_estimators=64.0, max_depth=10.0, min_samples_split=5.0, min_samples_leaf=2.0
  accuracy: 0.717557
  precision: 0.709963
  recall: 0.717557
  f1_score: 0.708086

Rank 7:
  n_estimators=32.0, max_depth=8.0, min_samples_split=2.0, min_samples_leaf=1.0
  accuracy: 0.709924
  precision: 0.712609
  recall: 0.709924
  f1_score: 0.705790

Rank 8:
  n_estimators=32.0, max_depth=16.0, min_samples_split=5.0, min_samples_leaf=2.0
  accuracy: 0.709924
  precision: 0.705051
  recall: 0.709924
  f1_score: 0.705595

Rank 9:
  n_estimators=64.0, max_depth=16.0, min_samples_split=5.0, min_samples_leaf=2.0
  accuracy: 0.709924
  precision: 0.708466
  recall: 0.709924
  f1_score: 0.703557

Rank 10:
  n_estimators=64.0, max_depth=8.0, min_samples_split=10.0, min_samples_leaf=12.0
  accuracy: 0.709924
  precision: 0.700440
  recall: 0.709924
  f1_score: 0.700347

--------------------------------------------------------------------------------
ALL RESULTS (sorted by F1 Score)
--------------------------------------------------------------------------------

 n_estimators  max_depth  min_samples_split  min_samples_leaf  accuracy  precision   recall  f1_score
           64       10.0                 20                12  0.717557   0.712456 0.717557  0.709486
           64       10.0                  2                12  0.717557   0.712456 0.717557  0.709486
           64       10.0                 10                12  0.717557   0.712456 0.717557  0.709486
           64       10.0                  5                12  0.717557   0.712456 0.717557  0.709486
           64       12.0                 10                 1  0.717557   0.708998 0.717557  0.708417
           64       10.0                  5                 2  0.717557   0.709963 0.717557  0.708086
           32        8.0                  2                 1  0.709924   0.712609 0.709924  0.705790
           32       16.0                  5                 2  0.709924   0.705051 0.709924  0.705595
           64       16.0                  5                 2  0.709924   0.708466 0.709924  0.703557
           64        8.0                 10                12  0.709924   0.700440 0.709924  0.700347
           64        8.0                  5                12  0.709924   0.700440 0.709924  0.700347
           64        8.0                 20                12  0.709924   0.700440 0.709924  0.700347
           64        8.0                  2                12  0.709924   0.700440 0.709924  0.700347
          200       16.0                  5                 4  0.702290   0.691594 0.702290  0.694533
          200       16.0                  2                 4  0.702290   0.691594 0.702290  0.694533
           64        6.0                 20                 2  0.702290   0.693961 0.702290  0.693113
           64        NaN                 10                12  0.702290   0.697201 0.702290  0.692575
           64        NaN                 20                12  0.702290   0.697201 0.702290  0.692575
           64       14.0                 10                12  0.702290   0.697201 0.702290  0.692575
           64       14.0                 20                12  0.702290   0.697201 0.702290  0.692575
           64       16.0                  2                12  0.702290   0.697201 0.702290  0.692575
           64       16.0                  5                12  0.702290   0.697201 0.702290  0.692575
           64       12.0                  2                12  0.702290   0.697201 0.702290  0.692575
           64       16.0                 10                12  0.702290   0.697201 0.702290  0.692575
           64        NaN                  5                12  0.702290   0.697201 0.702290  0.692575
           64       20.0                 10                12  0.702290   0.697201 0.702290  0.692575
           64        NaN                  2                12  0.702290   0.697201 0.702290  0.692575
           64       16.0                 20                12  0.702290   0.697201 0.702290  0.692575
           64       20.0                  2                12  0.702290   0.697201 0.702290  0.692575
           64       20.0                 20                12  0.702290   0.697201 0.702290  0.692575
           64       20.0                  5                12  0.702290   0.697201 0.702290  0.692575
           64       14.0                  5                12  0.702290   0.697201 0.702290  0.692575
           64       14.0                  2                12  0.702290   0.697201 0.702290  0.692575
           64       12.0                 20                12  0.702290   0.697201 0.702290  0.692575
           64       12.0                  5                12  0.702290   0.697201 0.702290  0.692575
           64       12.0                 10                12  0.702290   0.697201 0.702290  0.692575
          200        8.0                 10                 4  0.702290   0.689006 0.702290  0.691476
           64       14.0                 20                 1  0.694656   0.685615 0.694656  0.688820
           32       16.0                  2                12  0.694656   0.697278 0.694656  0.688457
           32       16.0                  5                12  0.694656   0.697278 0.694656  0.688457
           32       16.0                 10                12  0.694656   0.697278 0.694656  0.688457
           32       10.0                 20                12  0.694656   0.697278 0.694656  0.688457
           32       10.0                  2                12  0.694656   0.697278 0.694656  0.688457
           32       14.0                 20                12  0.694656   0.697278 0.694656  0.688457
           32       16.0                 20                12  0.694656   0.697278 0.694656  0.688457
           32       10.0                  5                12  0.694656   0.697278 0.694656  0.688457
           32       10.0                 10                12  0.694656   0.697278 0.694656  0.688457
           32       14.0                 10                12  0.694656   0.697278 0.694656  0.688457
           32       14.0                  5                12  0.694656   0.697278 0.694656  0.688457
           32       20.0                  2                12  0.694656   0.697278 0.694656  0.688457
           32       12.0                  2                12  0.694656   0.697278 0.694656  0.688457
           32        NaN                  5                12  0.694656   0.697278 0.694656  0.688457
           32       20.0                  5                12  0.694656   0.697278 0.694656  0.688457
           32       14.0                  2                12  0.694656   0.697278 0.694656  0.688457
           32       20.0                 10                12  0.694656   0.697278 0.694656  0.688457
           32       12.0                  5                12  0.694656   0.697278 0.694656  0.688457
           32        NaN                 20                12  0.694656   0.697278 0.694656  0.688457
           32       20.0                 20                12  0.694656   0.697278 0.694656  0.688457
           32       12.0                 10                12  0.694656   0.697278 0.694656  0.688457
           32       12.0                 20                12  0.694656   0.697278 0.694656  0.688457
           32        NaN                 10                12  0.694656   0.697278 0.694656  0.688457
           32        NaN                  2                12  0.694656   0.697278 0.694656  0.688457
           64        6.0                  5                 4  0.694656   0.687236 0.694656  0.687189
           64        6.0                  2                 4  0.694656   0.687236 0.694656  0.687189
           64        6.0                 20                 1  0.694656   0.686383 0.694656  0.684814
           64       14.0                 20                 8  0.694656   0.685918 0.694656  0.684074
           64        NaN                 20                 8  0.694656   0.685455 0.694656  0.683445
           64       20.0                 20                 8  0.694656   0.685455 0.694656  0.683445
           64       16.0                 20                 8  0.694656   0.685455 0.694656  0.683445
           64        8.0                  5                 2  0.694656   0.687402 0.694656  0.683246
           64        6.0                  2                 2  0.694656   0.686929 0.694656  0.682915
          100        6.0                 10                 1  0.687023   0.678107 0.687023  0.680782
           64        8.0                  2                 1  0.687023   0.681353 0.687023  0.679646
          200        8.0                 10                 1  0.687023   0.680391 0.687023  0.679325
           64        6.0                 10                 1  0.687023   0.678214 0.687023  0.679178
          100       12.0                  5                 4  0.687023   0.682314 0.687023  0.678363
          100       12.0                  2                 4  0.687023   0.682314 0.687023  0.678363
           64       12.0                  2                 4  0.687023   0.675704 0.687023  0.678354
           64       12.0                  5                 4  0.687023   0.675704 0.687023  0.678354
          128       10.0                  2                 1  0.687023   0.689822 0.687023  0.678315
           64        8.0                  2                 2  0.687023   0.680915 0.687023  0.678269
           64        6.0                 20                 8  0.694656   0.681589 0.694656  0.677861
           32        8.0                  2                12  0.687023   0.682240 0.687023  0.677782
           32        8.0                 20                12  0.687023   0.682240 0.687023  0.677782
           32        8.0                  5                12  0.687023   0.682240 0.687023  0.677782
           32        8.0                 10                12  0.687023   0.682240 0.687023  0.677782
          200       12.0                 20                 4  0.687023   0.674834 0.687023  0.677141
          200        8.0                  5                 4  0.687023   0.676772 0.687023  0.677089
          200        8.0                  2                 4  0.687023   0.676772 0.687023  0.677089
          200        6.0                 10                 4  0.687023   0.676772 0.687023  0.677089
          128       14.0                 20                 4  0.687023   0.673970 0.687023  0.676753
          200       14.0                 20                 4  0.687023   0.673970 0.687023  0.676753
           64       12.0                 20                 8  0.687023   0.676098 0.687023  0.675037
          300       12.0                 20                12  0.687023   0.671932 0.687023  0.674897
          300       12.0                  5                12  0.687023   0.671932 0.687023  0.674897
          300       12.0                  2                12  0.687023   0.671932 0.687023  0.674897
          300       12.0                 10                12  0.687023   0.671932 0.687023  0.674897
          128       16.0                 20                 4  0.687023   0.673226 0.687023  0.674720
           64       20.0                 10                 4  0.687023   0.672746 0.687023  0.674341
          200        8.0                  2                12  0.687023   0.670665 0.687023  0.674106
          200        8.0                 20                12  0.687023   0.670665 0.687023  0.674106
          200        8.0                 10                12  0.687023   0.670665 0.687023  0.674106
          200        8.0                  5                12  0.687023   0.670665 0.687023  0.674106
          300       12.0                  5                 1  0.679389   0.670710 0.679389  0.673571
           64       16.0                 20                 4  0.687023   0.676613 0.687023  0.673103
          128        6.0                  2                 8  0.687023   0.671717 0.687023  0.672668
          128        6.0                 10                 8  0.687023   0.671717 0.687023  0.672668
          128        6.0                  5                 8  0.687023   0.671717 0.687023  0.672668
          100       10.0                  2                 4  0.679389   0.671752 0.679389  0.672103
          100       10.0                  5                 4  0.679389   0.671752 0.679389  0.672103
           64       20.0                 10                 8  0.679389   0.673217 0.679389  0.671340
           64       20.0                  5                 8  0.679389   0.673217 0.679389  0.671340
           64       20.0                  2                 8  0.679389   0.673217 0.679389  0.671340
           32        6.0                  2                12  0.679389   0.673217 0.679389  0.671340
           32        6.0                 20                12  0.679389   0.673217 0.679389  0.671340
           32        6.0                  5                12  0.679389   0.673217 0.679389  0.671340
           64        NaN                  5                 8  0.679389   0.673217 0.679389  0.671340
           32        6.0                 10                12  0.679389   0.673217 0.679389  0.671340
           64        NaN                 10                 8  0.679389   0.673217 0.679389  0.671340
           64        NaN                  2                 8  0.679389   0.673217 0.679389  0.671340
           64       10.0                 20                 2  0.679389   0.672291 0.679389  0.671240
          100       16.0                  5                 2  0.679389   0.670838 0.679389  0.670769
           64        6.0                 10                 4  0.679389   0.672649 0.679389  0.670686
           64       12.0                 20                 1  0.679389   0.669142 0.679389  0.670454
          300        8.0                 10                 1  0.679389   0.668375 0.679389  0.670143
          100       10.0                  5                12  0.679389   0.667639 0.679389  0.670101
          100       10.0                 20                12  0.679389   0.667639 0.679389  0.670101
          100       10.0                 10                12  0.679389   0.667639 0.679389  0.670101
          100       10.0                  2                12  0.679389   0.667639 0.679389  0.670101
           32        8.0                 20                 2  0.679389   0.674089 0.679389  0.669951
           32        6.0                  2                 8  0.679389   0.670713 0.679389  0.669659
           32        6.0                  5                 8  0.679389   0.670713 0.679389  0.669659
           32        6.0                 10                 8  0.679389   0.670713 0.679389  0.669659
          100        6.0                 20                 1  0.679389   0.670474 0.679389  0.669558
          200       14.0                 10                 4  0.679389   0.667304 0.679389  0.669378
          300       10.0                  2                 2  0.679389   0.674256 0.679389  0.669350
          128        6.0                 10                 4  0.679389   0.665709 0.679389  0.669330
          100        6.0                 10                 4  0.679389   0.668320 0.679389  0.669325
          300        8.0                 10                 4  0.679389   0.666490 0.679389  0.669144
          200       16.0                 20                 4  0.679389   0.666392 0.679389  0.668400
          100       12.0                 10                 1  0.679389   0.669924 0.679389  0.668210
           64       14.0                 10                 4  0.679389   0.669924 0.679389  0.668210
          300        NaN                 20                12  0.679389   0.663944 0.679389  0.667897
          300       16.0                  2                12  0.679389   0.663944 0.679389  0.667897
          300        NaN                 10                12  0.679389   0.663944 0.679389  0.667897
          300        NaN                  5                12  0.679389   0.663944 0.679389  0.667897
          300        NaN                  2                12  0.679389   0.663944 0.679389  0.667897
          300       20.0                 20                12  0.679389   0.663944 0.679389  0.667897
          300       20.0                 10                12  0.679389   0.663944 0.679389  0.667897
          300       20.0                  5                12  0.679389   0.663944 0.679389  0.667897
          300       20.0                  2                12  0.679389   0.663944 0.679389  0.667897
          300       16.0                 20                12  0.679389   0.663944 0.679389  0.667897
          300       16.0                 10                12  0.679389   0.663944 0.679389  0.667897
          300       16.0                  5                12  0.679389   0.663944 0.679389  0.667897
          300       16.0                 20                 4  0.679389   0.666639 0.679389  0.667701
          100       20.0                 20                 4  0.679389   0.663365 0.679389  0.667635
           16       16.0                  5                 2  0.671756   0.677774 0.671756  0.667457
          300       14.0                  2                12  0.679389   0.663963 0.679389  0.667169
          300       14.0                 20                12  0.679389   0.663963 0.679389  0.667169
          300       14.0                 10                12  0.679389   0.663963 0.679389  0.667169
          300       14.0                  5                12  0.679389   0.663963 0.679389  0.667169
          300       14.0                 20                 4  0.679389   0.665597 0.679389  0.667085
           32       10.0                  5                 4  0.671756   0.664570 0.671756  0.666352
           32       10.0                  2                 4  0.671756   0.664570 0.671756  0.666352
          100       20.0                 10                 4  0.679389   0.664215 0.679389  0.666284
           16        NaN                 20                12  0.671756   0.664330 0.671756  0.666010
           16        NaN                  2                12  0.671756   0.664330 0.671756  0.666010
           16       20.0                 20                12  0.671756   0.664330 0.671756  0.666010
           16       14.0                 10                12  0.671756   0.664330 0.671756  0.666010
           16       20.0                 10                12  0.671756   0.664330 0.671756  0.666010
           16       16.0                 20                12  0.671756   0.664330 0.671756  0.666010
           16       20.0                  5                12  0.671756   0.664330 0.671756  0.666010
           16       20.0                  2                12  0.671756   0.664330 0.671756  0.666010
           16        NaN                 10                12  0.671756   0.664330 0.671756  0.666010
           16       16.0                 10                12  0.671756   0.664330 0.671756  0.666010
           16       16.0                  5                12  0.671756   0.664330 0.671756  0.666010
           16        NaN                  5                12  0.671756   0.664330 0.671756  0.666010
           16       12.0                 20                12  0.671756   0.664330 0.671756  0.666010
           16       14.0                  5                12  0.671756   0.664330 0.671756  0.666010
           16       14.0                 20                12  0.671756   0.664330 0.671756  0.666010
           16       12.0                  2                12  0.671756   0.664330 0.671756  0.666010
           16       12.0                  5                12  0.671756   0.664330 0.671756  0.666010
           16       12.0                 10                12  0.671756   0.664330 0.671756  0.666010
           16       16.0                  2                12  0.671756   0.664330 0.671756  0.666010
           16       14.0                  2                12  0.671756   0.664330 0.671756  0.666010
          200       10.0                  2                 8  0.679389   0.663332 0.679389  0.665910
          200       10.0                 10                 8  0.679389   0.663332 0.679389  0.665910
          200       10.0                  5                 8  0.679389   0.663332 0.679389  0.665910
          200        6.0                 10                 8  0.679389   0.667046 0.679389  0.665909
          200        6.0                  5                 8  0.679389   0.667046 0.679389  0.665909
          200        6.0                  2                 8  0.679389   0.667046 0.679389  0.665909
           32       14.0                 20                 1  0.671756   0.668780 0.671756  0.665070
          300       16.0                  2                 2  0.671756   0.664115 0.671756  0.664985
          128        6.0                 10                 2  0.671756   0.661512 0.671756  0.664879
           32       10.0                  2                 2  0.671756   0.669181 0.671756  0.664842
           16       10.0                  2                12  0.671756   0.661054 0.671756  0.664530
           16       10.0                  5                12  0.671756   0.661054 0.671756  0.664530
           16       10.0                 20                12  0.671756   0.661054 0.671756  0.664530
           16       10.0                 10                12  0.671756   0.661054 0.671756  0.664530
          300       16.0                 10                 2  0.671756   0.661054 0.671756  0.664530
          200       12.0                 20                 8  0.679389   0.663417 0.679389  0.663595
          200       20.0                  2                 2  0.671756   0.672716 0.671756  0.663056
          200        8.0                  2                 2  0.671756   0.661684 0.671756  0.663044
           64       16.0                 20                 1  0.671756   0.661935 0.671756  0.663008
          300       12.0                 20                 8  0.679389   0.661861 0.679389  0.662962
           64        6.0                 10                 2  0.671756   0.660087 0.671756  0.662924
          128        6.0                  5                 4  0.671756   0.661346 0.671756  0.662887
          128        6.0                  2                 4  0.671756   0.661346 0.671756  0.662887
           64       16.0                 10                 2  0.671756   0.661678 0.671756  0.662866
          200       16.0                  2                 2  0.671756   0.660028 0.671756  0.662791
           64        8.0                  5                 1  0.671756   0.668305 0.671756  0.662586
          200        6.0                 10                 1  0.671756   0.660854 0.671756  0.662506
           32        8.0                  2                 2  0.671756   0.667410 0.671756  0.661991
          100       14.0                 20                 4  0.671756   0.657821 0.671756  0.661793
          100       16.0                  5                12  0.671756   0.659870 0.671756  0.661513
          100       16.0                 20                12  0.671756   0.659870 0.671756  0.661513
          100        NaN                 10                12  0.671756   0.659870 0.671756  0.661513
          100        NaN                  2                12  0.671756   0.659870 0.671756  0.661513
          100       14.0                  2                12  0.671756   0.659870 0.671756  0.661513
          100       14.0                  5                12  0.671756   0.659870 0.671756  0.661513
          100        NaN                 20                12  0.671756   0.659870 0.671756  0.661513
          100       20.0                 20                12  0.671756   0.659870 0.671756  0.661513
          100       14.0                 10                12  0.671756   0.659870 0.671756  0.661513
          100       20.0                 10                12  0.671756   0.659870 0.671756  0.661513
          100       20.0                  5                12  0.671756   0.659870 0.671756  0.661513
          100       14.0                 20                12  0.671756   0.659870 0.671756  0.661513
          100       20.0                  2                12  0.671756   0.659870 0.671756  0.661513
          100       16.0                  2                12  0.671756   0.659870 0.671756  0.661513
          100        NaN                  5                12  0.671756   0.659870 0.671756  0.661513
          100       16.0                 10                12  0.671756   0.659870 0.671756  0.661513
          200       12.0                  5                 4  0.671756   0.660733 0.671756  0.661289
          200       12.0                  2                 4  0.671756   0.660733 0.671756  0.661289
          100        6.0                 20                 2  0.671756   0.661097 0.671756  0.660949
           64       10.0                  2                 1  0.671756   0.664896 0.671756  0.660939
          100       20.0                 20                 8  0.671756   0.659682 0.671756  0.660837
          100       14.0                 20                 8  0.671756   0.659682 0.671756  0.660837
          100        NaN                 20                 8  0.671756   0.659682 0.671756  0.660837
          100       16.0                 20                 8  0.671756   0.659682 0.671756  0.660837
          200        NaN                 20                 4  0.671756   0.659069 0.671756  0.660710
          100        6.0                 10                12  0.671756   0.664254 0.671756  0.660691
          100        6.0                  2                12  0.671756   0.664254 0.671756  0.660691
          100        6.0                  5                12  0.671756   0.664254 0.671756  0.660691
          100        6.0                 20                12  0.671756   0.664254 0.671756  0.660691
           64       14.0                 10                 8  0.671756   0.660706 0.671756  0.660604
           64       14.0                  2                 8  0.671756   0.660706 0.671756  0.660604
           64       14.0                  5                 8  0.671756   0.660706 0.671756  0.660604
          200       20.0                 20                 4  0.671756   0.659618 0.671756  0.660540
           64       12.0                 20                 4  0.671756   0.668335 0.671756  0.660464
           64        6.0                  5                 8  0.679389   0.664587 0.679389  0.660429
           64        6.0                  2                 8  0.679389   0.664587 0.679389  0.660429
           64        6.0                 10                 8  0.679389   0.664587 0.679389  0.660429
           64        6.0                  2                12  0.671756   0.661628 0.671756  0.660245
           64        6.0                 20                12  0.671756   0.661628 0.671756  0.660245
           64        6.0                 10                12  0.671756   0.661628 0.671756  0.660245
           64        6.0                  5                12  0.671756   0.661628 0.671756  0.660245
          300       12.0                 10                 2  0.671756   0.657943 0.671756  0.660227
          200       12.0                 10                 2  0.671756   0.657943 0.671756  0.660227
          300        NaN                 20                 4  0.671756   0.657309 0.671756  0.660030
          300       20.0                 20                 4  0.671756   0.657309 0.671756  0.660030
          300       10.0                  5                 2  0.671756   0.661097 0.671756  0.660023
          128       12.0                 10                 1  0.671756   0.662558 0.671756  0.659988
          200        6.0                  5                 2  0.671756   0.657936 0.671756  0.659821
          100        8.0                  2                 2  0.671756   0.664617 0.671756  0.659668
          300        6.0                 20                 1  0.671756   0.659789 0.671756  0.659548
          128        8.0                  2                 4  0.671756   0.659789 0.671756  0.659548
          128        8.0                  5                 4  0.671756   0.659789 0.671756  0.659548
          300       10.0                 20                 2  0.671756   0.661927 0.671756  0.659548
          100        NaN                 10                 4  0.671756   0.657849 0.671756  0.659530
          128        8.0                  2                12  0.671756   0.654727 0.671756  0.659527
          128        8.0                  5                12  0.671756   0.654727 0.671756  0.659527
          128        8.0                 10                12  0.671756   0.654727 0.671756  0.659527
          128        8.0                 20                12  0.671756   0.654727 0.671756  0.659527
          100       14.0                 20                 1  0.664122   0.663709 0.664122  0.659375
          100        NaN                 20                 4  0.671756   0.654545 0.671756  0.659297
          300       14.0                 10                 2  0.671756   0.659213 0.671756  0.659212
          300        8.0                  5                 2  0.671756   0.663222 0.671756  0.659179
          200        6.0                 20                 1  0.671756   0.660961 0.671756  0.659137
           64       20.0                 20                 4  0.671756   0.655173 0.671756  0.658998
          200       16.0                 10                12  0.671756   0.655137 0.671756  0.658982
          200       14.0                 10                12  0.671756   0.655137 0.671756  0.658982
          200       14.0                  5                12  0.671756   0.655137 0.671756  0.658982
          200        NaN                 20                12  0.671756   0.655137 0.671756  0.658982
          200       14.0                 20                12  0.671756   0.655137 0.671756  0.658982
          200       16.0                 20                12  0.671756   0.655137 0.671756  0.658982
          200       16.0                  5                12  0.671756   0.655137 0.671756  0.658982
          200       16.0                  2                12  0.671756   0.655137 0.671756  0.658982
          200        NaN                  5                12  0.671756   0.655137 0.671756  0.658982
          200        NaN                  2                12  0.671756   0.655137 0.671756  0.658982
          200       20.0                 20                12  0.671756   0.655137 0.671756  0.658982
          200       20.0                 10                12  0.671756   0.655137 0.671756  0.658982
          200       20.0                  5                12  0.671756   0.655137 0.671756  0.658982
          200       20.0                  2                12  0.671756   0.655137 0.671756  0.658982
          200       14.0                  2                12  0.671756   0.655137 0.671756  0.658982
          200        NaN                 10                12  0.671756   0.655137 0.671756  0.658982
          200       12.0                  2                 1  0.664122   0.655422 0.664122  0.658825
          100        8.0                 20                12  0.671756   0.656528 0.671756  0.658763
          100        8.0                 10                12  0.671756   0.656528 0.671756  0.658763
          100        8.0                  5                12  0.671756   0.656528 0.671756  0.658763
          100        8.0                  2                12  0.671756   0.656528 0.671756  0.658763
           32        6.0                 10                 1  0.664122   0.655191 0.664122  0.658744
          100       12.0                 20                 8  0.671756   0.656817 0.671756  0.658741
          200        NaN                 10                 2  0.664122   0.654598 0.664122  0.658499
          200       12.0                 20                12  0.671756   0.655325 0.671756  0.658241
          200       12.0                  5                12  0.671756   0.655325 0.671756  0.658241
          200       12.0                  2                12  0.671756   0.655325 0.671756  0.658241
          200       12.0                 10                12  0.671756   0.655325 0.671756  0.658241
          300       12.0                  2                 1  0.664122   0.655779 0.664122  0.658181
           64        8.0                 10                 4  0.671756   0.661553 0.671756  0.658119
          200       10.0                  2                12  0.671756   0.656852 0.671756  0.658068
          200       10.0                  5                12  0.671756   0.656852 0.671756  0.658068
          200       10.0                 10                12  0.671756   0.656852 0.671756  0.658068
          200       10.0                 20                12  0.671756   0.656852 0.671756  0.658068
          100       16.0                  2                 2  0.664122   0.657412 0.664122  0.657941
           64        6.0                 20                 4  0.671756   0.663849 0.671756  0.657868
          128        NaN                 20                 4  0.671756   0.654800 0.671756  0.657852
          128       20.0                 20                 4  0.671756   0.654956 0.671756  0.657596
           32       16.0                 10                 2  0.664122   0.653617 0.664122  0.657480
          300       10.0                 20                12  0.671756   0.653917 0.671756  0.657479
          300        8.0                  5                12  0.671756   0.653917 0.671756  0.657479
          300       10.0                 10                12  0.671756   0.653917 0.671756  0.657479
          300        8.0                  2                12  0.671756   0.653917 0.671756  0.657479
          300        8.0                 10                12  0.671756   0.653917 0.671756  0.657479
          300       10.0                  2                12  0.671756   0.653917 0.671756  0.657479
          300       10.0                  5                12  0.671756   0.653917 0.671756  0.657479
          300        8.0                 20                12  0.671756   0.653917 0.671756  0.657479
          128       12.0                  5                 4  0.664122   0.656269 0.664122  0.657247
          128       12.0                  2                 4  0.664122   0.656269 0.664122  0.657247
          100       20.0                 10                 2  0.664122   0.653204 0.664122  0.656923
          128       14.0                 20                 1  0.664122   0.655698 0.664122  0.656850
          300       14.0                  2                 1  0.664122   0.654179 0.664122  0.656817
          100       14.0                 10                 1  0.664122   0.658912 0.664122  0.656604
          100        6.0                 10                 2  0.664122   0.652673 0.664122  0.656603
           32       10.0                  2                 1  0.664122   0.662850 0.664122  0.656489
           64       10.0                  2                 4  0.664122   0.651669 0.664122  0.656143
           64       10.0                  5                 4  0.664122   0.651669 0.664122  0.656143
           64       10.0                 20                 1  0.664122   0.654519 0.664122  0.655989
          200        8.0                 10                 8  0.671756   0.654651 0.671756  0.655962
          200        8.0                  2                 8  0.671756   0.654651 0.671756  0.655962
          200        8.0                  5                 8  0.671756   0.654651 0.671756  0.655962
           64       14.0                  5                 2  0.664122   0.656309 0.664122  0.655926
          200       14.0                 20                 8  0.671756   0.655968 0.671756  0.655212
          200       16.0                 20                 8  0.671756   0.655968 0.671756  0.655212
           32        8.0                  5                 8  0.664122   0.661144 0.664122  0.655108
           32        8.0                  2                 8  0.664122   0.661144 0.664122  0.655108
           32        8.0                 10                 8  0.664122   0.661144 0.664122  0.655108
          200       14.0                  2                 2  0.664122   0.656961 0.664122  0.655080
           64        NaN                 20                 1  0.664122   0.656733 0.664122  0.654908
           64        6.0                  5                 1  0.664122   0.654667 0.664122  0.654883
           64       12.0                  2                 2  0.664122   0.653734 0.664122  0.654801
          300       12.0                  5                 4  0.664122   0.651238 0.664122  0.654620
          300       12.0                  2                 4  0.664122   0.651238 0.664122  0.654620
          200       10.0                  2                 4  0.664122   0.652225 0.664122  0.654571
          200       10.0                  5                 4  0.664122   0.652225 0.664122  0.654571
           64        8.0                 10                 1  0.664122   0.657772 0.664122  0.654544
          300       14.0                 20                 8  0.671756   0.654961 0.671756  0.654368
           64       16.0                 10                 8  0.664122   0.654371 0.664122  0.654349
           64       16.0                  5                 8  0.664122   0.654371 0.664122  0.654349
           64       16.0                  2                 8  0.664122   0.654371 0.664122  0.654349
           32       20.0                 10                 4  0.664122   0.656506 0.664122  0.654182
           64        6.0                  5                 2  0.664122   0.652848 0.664122  0.654078
          128       16.0                  2                 2  0.664122   0.654427 0.664122  0.654071
          128       10.0                  2                 4  0.664122   0.651257 0.664122  0.654004
          200       14.0                  5                 4  0.664122   0.651257 0.664122  0.654004
          128       10.0                  5                 4  0.664122   0.651257 0.664122  0.654004
          200       14.0                  2                 4  0.664122   0.651257 0.664122  0.654004
           32        8.0                  5                 2  0.664122   0.666161 0.664122  0.653979
          100        6.0                 20                 8  0.664122   0.653321 0.664122  0.653897
          128       10.0                  5                 2  0.664122   0.655409 0.664122  0.653820
           64       10.0                  2                 2  0.664122   0.656971 0.664122  0.653812
           32       12.0                 10                 8  0.664122   0.652469 0.664122  0.653752
           32       12.0                  5                 8  0.664122   0.652469 0.664122  0.653752
           32       12.0                  2                 8  0.664122   0.652469 0.664122  0.653752
          200        6.0                  5                 4  0.664122   0.653257 0.664122  0.653600
          200        6.0                  2                 4  0.664122   0.653257 0.664122  0.653600
          100        NaN                  2                 4  0.664122   0.650152 0.664122  0.653511
          100        NaN                  5                 4  0.664122   0.650152 0.664122  0.653511
          100        6.0                  5                 2  0.664122   0.654184 0.664122  0.653454
          100        8.0                 10                 4  0.664122   0.655861 0.664122  0.653350
          300        NaN                  5                 2  0.664122   0.651168 0.664122  0.653258
          300        NaN                  5                 4  0.664122   0.649915 0.664122  0.653249
          300       14.0                 10                 1  0.664122   0.649915 0.664122  0.653249
          200        NaN                  5                 4  0.664122   0.649915 0.664122  0.653249
          200        NaN                  2                 4  0.664122   0.649915 0.664122  0.653249
          300        NaN                  2                 4  0.664122   0.649915 0.664122  0.653249
          300       12.0                 10                 1  0.664122   0.652821 0.664122  0.653184
           32        8.0                 10                 1  0.664122   0.659653 0.664122  0.653112
          100       12.0                 20                12  0.664122   0.651375 0.664122  0.652881
          100       12.0                  2                12  0.664122   0.651375 0.664122  0.652881
          100       12.0                 10                12  0.664122   0.651375 0.664122  0.652881
          100       12.0                  5                12  0.664122   0.651375 0.664122  0.652881
          300        6.0                  2                 1  0.664122   0.651903 0.664122  0.652783
           32        8.0                 20                 1  0.664122   0.661651 0.664122  0.652758
           64        NaN                  2                 2  0.664122   0.658061 0.664122  0.652726
          300        8.0                  5                 1  0.664122   0.653615 0.664122  0.652721
          300       20.0                  2                 1  0.664122   0.649468 0.664122  0.652717
          300       14.0                 20                 1  0.664122   0.651582 0.664122  0.652647
          300        8.0                  2                 8  0.664122   0.650272 0.664122  0.652622
          300        8.0                 10                 8  0.664122   0.650272 0.664122  0.652622
          300        8.0                  5                 8  0.664122   0.650272 0.664122  0.652622
           64       10.0                 10                 4  0.664122   0.656886 0.664122  0.652557
           64       14.0                 20                 4  0.664122   0.650325 0.664122  0.652429
          300       20.0                  2                 2  0.664122   0.651349 0.664122  0.652196
          200        NaN                 10                 4  0.664122   0.648775 0.664122  0.652042
           64       12.0                  2                 8  0.664122   0.650261 0.664122  0.651880
          100       12.0                 10                 8  0.664122   0.650261 0.664122  0.651880
           64       12.0                  5                 8  0.664122   0.650261 0.664122  0.651880
          100       12.0                  2                 8  0.664122   0.650261 0.664122  0.651880
           64       12.0                 10                 8  0.664122   0.650261 0.664122  0.651880
          100       12.0                  5                 8  0.664122   0.650261 0.664122  0.651880
          100       16.0                  5                 1  0.656489   0.647798 0.656489  0.651803
          300        6.0                  2                 4  0.664122   0.651987 0.664122  0.651686
          300        6.0                  5                 4  0.664122   0.651987 0.664122  0.651686
           64        NaN                 20                 4  0.664122   0.647361 0.664122  0.651685
          300       12.0                  2                 8  0.664122   0.649058 0.664122  0.651359
          300       16.0                 10                 4  0.664122   0.649058 0.664122  0.651359
          300       12.0                 10                 8  0.664122   0.649058 0.664122  0.651359
          300       12.0                  5                 8  0.664122   0.649058 0.664122  0.651359
          300        NaN                  2                 2  0.664122   0.649058 0.664122  0.651359
           32       14.0                 20                 8  0.656489   0.649648 0.656489  0.651337
          128        6.0                 20                 1  0.664122   0.653152 0.664122  0.651224
          200       20.0                  2                 4  0.664122   0.648533 0.664122  0.650970
          200       20.0                  5                 4  0.664122   0.648533 0.664122  0.650970
           64        8.0                 20                 1  0.664122   0.657003 0.664122  0.650899
          300        8.0                 10                 2  0.664122   0.653807 0.664122  0.650748
           64        8.0                 20                 8  0.664122   0.649300 0.664122  0.650695
           16       16.0                  2                 2  0.656489   0.646640 0.656489  0.650682
          200       12.0                 10                 8  0.664122   0.647650 0.664122  0.650596
          200       12.0                  5                 8  0.664122   0.647650 0.664122  0.650596
          200       12.0                  2                 8  0.664122   0.647650 0.664122  0.650596
           64       10.0                 10                 2  0.664122   0.660688 0.664122  0.650480
          100       12.0                 10                 2  0.664122   0.649629 0.664122  0.650455
          128        NaN                 20                 8  0.664122   0.649981 0.664122  0.650402
          128       20.0                 20                 8  0.664122   0.649981 0.664122  0.650402
          200       16.0                  5                 1  0.656489   0.649194 0.656489  0.650331
          200        6.0                 20                 8  0.664122   0.651022 0.664122  0.650310
          100        8.0                  5                 4  0.664122   0.652893 0.664122  0.650277
          300        6.0                 10                 2  0.664122   0.652893 0.664122  0.650277
          100        8.0                  2                 4  0.664122   0.652893 0.664122  0.650277
          200        8.0                 20                 4  0.664122   0.648421 0.664122  0.649954
          128       16.0                  5                12  0.664122   0.646214 0.664122  0.649934
          128       16.0                 10                12  0.664122   0.646214 0.664122  0.649934
          128        NaN                 10                12  0.664122   0.646214 0.664122  0.649934
          128       16.0                  2                12  0.664122   0.646214 0.664122  0.649934
          128       14.0                 10                12  0.664122   0.646214 0.664122  0.649934
          128        NaN                 20                12  0.664122   0.646214 0.664122  0.649934
          128       20.0                  2                12  0.664122   0.646214 0.664122  0.649934
          128       20.0                 10                12  0.664122   0.646214 0.664122  0.649934
          128       16.0                 20                12  0.664122   0.646214 0.664122  0.649934
          128       12.0                  2                12  0.664122   0.646214 0.664122  0.649934
          128       12.0                  5                12  0.664122   0.646214 0.664122  0.649934
          128       12.0                 20                12  0.664122   0.646214 0.664122  0.649934
          128       14.0                  2                12  0.664122   0.646214 0.664122  0.649934
          128       20.0                 20                12  0.664122   0.646214 0.664122  0.649934
          128       14.0                  5                12  0.664122   0.646214 0.664122  0.649934
          128        NaN                  2                12  0.664122   0.646214 0.664122  0.649934
          128       20.0                  5                12  0.664122   0.646214 0.664122  0.649934
          128       14.0                 20                12  0.664122   0.646214 0.664122  0.649934
          128        NaN                  5                12  0.664122   0.646214 0.664122  0.649934
          128       12.0                 10                12  0.664122   0.646214 0.664122  0.649934
           64       12.0                  5                 2  0.656489   0.650899 0.656489  0.649855
          300        NaN                 10                 2  0.656489   0.646413 0.656489  0.649737
           64       20.0                 20                 1  0.656489   0.647290 0.656489  0.649600
          200       16.0                 10                 2  0.656489   0.646212 0.656489  0.649507
          200       14.0                 10                 8  0.664122   0.648566 0.664122  0.649190
          200       14.0                  2                 8  0.664122   0.648566 0.664122  0.649190
          300        8.0                 20                 8  0.664122   0.648566 0.664122  0.649190
          200       14.0                  5                 8  0.664122   0.648566 0.664122  0.649190
          300        6.0                 20                 8  0.664122   0.650447 0.664122  0.649058
          100       16.0                 20                 4  0.664122   0.645217 0.664122  0.649037
          200       20.0                 20                 8  0.664122   0.648316 0.664122  0.648910
          200        NaN                 20                 8  0.664122   0.648316 0.664122  0.648910
          200       20.0                 10                 2  0.656489   0.648621 0.656489  0.648863
          300       16.0                  2                 1  0.656489   0.645648 0.656489  0.648759
           64       12.0                 10                 2  0.664122   0.653149 0.664122  0.648733
           32        6.0                 20                 8  0.664122   0.654353 0.664122  0.648642
          128       20.0                 10                 4  0.656489   0.644452 0.656489  0.648627
          128        6.0                 10                 1  0.656489   0.645114 0.656489  0.648512
          300        6.0                  2                12  0.664122   0.649151 0.664122  0.648436
          300        6.0                  5                12  0.664122   0.649151 0.664122  0.648436
          300        6.0                 20                12  0.664122   0.649151 0.664122  0.648436
          300        6.0                 10                12  0.664122   0.649151 0.664122  0.648436
           64       10.0                 10                 8  0.664122   0.648477 0.664122  0.648165
           64       10.0                  5                 8  0.664122   0.648477 0.664122  0.648165
           64       10.0                  2                 8  0.664122   0.648477 0.664122  0.648165
          128       20.0                 10                 2  0.656489   0.645520 0.656489  0.648127
          100       10.0                 10                 2  0.656489   0.651743 0.656489  0.648087
            8       20.0                 20                 8  0.648855   0.647487 0.648855  0.647918
            8       14.0                 20                 8  0.648855   0.647487 0.648855  0.647918
            8       16.0                 20                 8  0.648855   0.647487 0.648855  0.647918
            8        NaN                 20                 8  0.648855   0.647487 0.648855  0.647918
          200       12.0                  5                 1  0.656489   0.644766 0.656489  0.647860
          100       10.0                 20                 8  0.656489   0.652001 0.656489  0.647789
          200       10.0                 10                 4  0.656489   0.645454 0.656489  0.647701
          200       12.0                 20                 2  0.656489   0.644678 0.656489  0.647564
          200       10.0                  5                 1  0.656489   0.649000 0.656489  0.647455
           64       20.0                  5                 2  0.656489   0.649000 0.656489  0.647455
          300       10.0                  2                 4  0.656489   0.646079 0.656489  0.647427
          300       10.0                  5                 4  0.656489   0.646079 0.656489  0.647427
          100        NaN                 20                 1  0.656489   0.644459 0.656489  0.647258
           32        8.0                 10                 4  0.656489   0.645284 0.656489  0.647202
           64       10.0                 20                 4  0.656489   0.645321 0.656489  0.647095
           64       20.0                 10                 1  0.656489   0.645321 0.656489  0.647095
          100        NaN                  2                 1  0.656489   0.644567 0.656489  0.646905
          128       16.0                  2                 4  0.656489   0.643148 0.656489  0.646758
          128       16.0                  5                 4  0.656489   0.643148 0.656489  0.646758
          300       14.0                  2                 2  0.656489   0.649831 0.656489  0.646549
          300       10.0                  2                 1  0.656489   0.649686 0.656489  0.646523
           64        NaN                 20                 2  0.656489   0.647375 0.656489  0.646500
           32       10.0                 10                 2  0.656489   0.648218 0.656489  0.646149
           64       16.0                  2                 4  0.664122   0.645370 0.664122  0.646080
           64       16.0                  5                 4  0.664122   0.645370 0.664122  0.646080
           16       14.0                 10                 2  0.648855   0.643266 0.648855  0.646035
          300       12.0                 20                 2  0.656489   0.645014 0.656489  0.645941
          100        6.0                 10                 8  0.656489   0.645014 0.656489  0.645941
          100        6.0                  2                 8  0.656489   0.645014 0.656489  0.645941
          100        6.0                  5                 8  0.656489   0.645014 0.656489  0.645941
          100       12.0                  2                 2  0.656489   0.649772 0.656489  0.645908
          300       10.0                 10                 1  0.656489   0.645637 0.656489  0.645900
          200       10.0                 10                 1  0.656489   0.647441 0.656489  0.645894
          300       16.0                  5                 4  0.656489   0.642467 0.656489  0.645833
          300       16.0                  2                 4  0.656489   0.642467 0.656489  0.645833
          200        6.0                 10                 2  0.656489   0.645415 0.656489  0.645635
          300        NaN                 20                 1  0.656489   0.642500 0.656489  0.645530
           32       10.0                 20                 8  0.656489   0.643964 0.656489  0.645489
          300        6.0                  5                 1  0.656489   0.643404 0.656489  0.645464
           64       12.0                 10                 4  0.656489   0.650098 0.656489  0.645367
          200       14.0                 10                 2  0.656489   0.645083 0.656489  0.645313
          128        NaN                 10                 4  0.656489   0.645083 0.656489  0.645313
          200       10.0                  5                 2  0.656489   0.645083 0.656489  0.645313
          300       10.0                 10                 4  0.656489   0.642450 0.656489  0.645118
          100       10.0                  2                 1  0.656489   0.655417 0.656489  0.645054
           64        NaN                 10                 2  0.656489   0.644284 0.656489  0.644975
           64        8.0                 20                 2  0.656489   0.650827 0.656489  0.644926
          300        NaN                  2                 1  0.656489   0.645566 0.656489  0.644789
           32       10.0                  2                 8  0.656489   0.647639 0.656489  0.644779
           32       10.0                  5                 8  0.656489   0.647639 0.656489  0.644779
           32       10.0                 10                 8  0.656489   0.647639 0.656489  0.644779
          300       16.0                  5                 2  0.656489   0.647639 0.656489  0.644779
          100       20.0                  5                 4  0.656489   0.642792 0.656489  0.644476
          100       20.0                  2                 4  0.656489   0.642792 0.656489  0.644476
          100        6.0                  2                 1  0.656489   0.647068 0.656489  0.644453
          300        8.0                  5                 4  0.656489   0.644550 0.656489  0.644433
          300        6.0                 20                 2  0.656489   0.644550 0.656489  0.644433
          300        8.0                  2                 4  0.656489   0.644550 0.656489  0.644433
          300       10.0                  5                 1  0.656489   0.648950 0.656489  0.644419
          300        8.0                 20                 4  0.656489   0.644504 0.656489  0.644414
          128       14.0                 20                 8  0.656489   0.643699 0.656489  0.644215
          128       16.0                 20                 8  0.656489   0.643699 0.656489  0.644215
          300        6.0                  2                 2  0.656489   0.644248 0.656489  0.644214
          128       10.0                 20                 8  0.656489   0.642790 0.656489  0.644126
          300       14.0                 10                 4  0.656489   0.642790 0.656489  0.644126
          300       10.0                 20                 1  0.656489   0.642267 0.656489  0.644087
           32       16.0                 20                 4  0.648855   0.641939 0.648855  0.643937
          300       12.0                 20                 1  0.656489   0.642423 0.656489  0.643830
          300       10.0                  2                 8  0.656489   0.641384 0.656489  0.643714
          300       10.0                 10                 8  0.656489   0.641384 0.656489  0.643714
          200       16.0                 10                 4  0.656489   0.641384 0.656489  0.643714
          300       10.0                  5                 8  0.656489   0.641384 0.656489  0.643714
          128       10.0                  2                 8  0.656489   0.643445 0.656489  0.643650
          128       10.0                  5                 8  0.656489   0.643445 0.656489  0.643650
          128       10.0                 10                 8  0.656489   0.643445 0.656489  0.643650
          200        6.0                 20                 2  0.656489   0.643455 0.656489  0.643629
          128       16.0                 10                 8  0.656489   0.643807 0.656489  0.643575
          128       16.0                  2                 8  0.656489   0.643807 0.656489  0.643575
          128       16.0                  5                 8  0.656489   0.643807 0.656489  0.643575
          300        6.0                 20                 4  0.656489   0.644937 0.656489  0.643538
          200        6.0                  2                 1  0.656489   0.644937 0.656489  0.643538
          128       12.0                 20                 4  0.656489   0.639396 0.656489  0.643535
           32        8.0                 10                 2  0.656489   0.651411 0.656489  0.643469
           64       16.0                 10                 4  0.656489   0.647998 0.656489  0.643456
          128        6.0                 20                 8  0.656489   0.647998 0.656489  0.643456
          128       10.0                 10                12  0.656489   0.638817 0.656489  0.643285
          128       10.0                 20                12  0.656489   0.638817 0.656489  0.643285
          128       10.0                  2                12  0.656489   0.638817 0.656489  0.643285
          200       20.0                 10                 4  0.656489   0.638817 0.656489  0.643285
          128       10.0                  5                12  0.656489   0.638817 0.656489  0.643285
          200        6.0                 20                 4  0.656489   0.645163 0.656489  0.643280
          300        6.0                 10                 4  0.656489   0.645163 0.656489  0.643280
          300        8.0                  2                 1  0.656489   0.646395 0.656489  0.643053
           64       12.0                  5                 1  0.648855   0.643114 0.648855  0.642987
          200       10.0                  2                 2  0.656489   0.646822 0.656489  0.642984
          300       12.0                 20                 4  0.656489   0.641613 0.656489  0.642953
          200       14.0                  5                 2  0.656489   0.643459 0.656489  0.642833
           64       10.0                 20                 8  0.656489   0.645837 0.656489  0.642829
          200        6.0                  2                 2  0.656489   0.645468 0.656489  0.642711
          128        8.0                 10                 1  0.656489   0.645279 0.656489  0.642604
          200        8.0                  2                 1  0.656489   0.650004 0.656489  0.642533
          300        6.0                  5                 2  0.656489   0.642481 0.656489  0.642418
          100       12.0                  5                 1  0.648855   0.644445 0.648855  0.642352
          100       20.0                  5                 2  0.656489   0.644450 0.656489  0.642340
          300        6.0                 10                 8  0.656489   0.644450 0.656489  0.642340
          300        6.0                  2                 8  0.656489   0.644450 0.656489  0.642340
          200       20.0                  5                 2  0.656489   0.644450 0.656489  0.642340
          300        6.0                  5                 8  0.656489   0.644450 0.656489  0.642340
           64        8.0                  5                 8  0.656489   0.642131 0.656489  0.642275
           64        8.0                 10                 8  0.656489   0.642131 0.656489  0.642275
           64        8.0                  2                 8  0.656489   0.642131 0.656489  0.642275
          128        6.0                 20                 2  0.656489   0.642232 0.656489  0.642138
           32       14.0                  5                 1  0.641221   0.653673 0.641221  0.642060
          200        8.0                  5                 2  0.656489   0.648522 0.656489  0.642031
          128       20.0                  5                 2  0.656489   0.648451 0.656489  0.642003
          128        8.0                 20                 1  0.656489   0.648451 0.656489  0.642003
           32       12.0                 10                 4  0.648855   0.644645 0.648855  0.641938
          300       10.0                 20                 8  0.656489   0.639890 0.656489  0.641897
          300        NaN                 20                 8  0.656489   0.639890 0.656489  0.641897
          300       14.0                  5                 4  0.656489   0.639890 0.656489  0.641897
          300       14.0                  2                 4  0.656489   0.639890 0.656489  0.641897
          300       20.0                 20                 8  0.656489   0.639890 0.656489  0.641897
           32       10.0                 10                 4  0.648855   0.644784 0.648855  0.641823
          100        8.0                  2                 1  0.648855   0.643297 0.648855  0.641735
          100        6.0                 20                 4  0.656489   0.644894 0.656489  0.641702
          300       20.0                  5                 4  0.656489   0.640092 0.656489  0.641575
          300       20.0                  2                 4  0.656489   0.640092 0.656489  0.641575
          300       16.0                 20                 8  0.656489   0.640092 0.656489  0.641575
           32       20.0                 20                 8  0.648855   0.639865 0.648855  0.641407
           32       16.0                 20                 8  0.648855   0.639865 0.648855  0.641407
           32        NaN                 20                 8  0.648855   0.639865 0.648855  0.641407
          200       12.0                 10                 1  0.656489   0.642675 0.656489  0.641257
          200       14.0                  2                 1  0.648855   0.638531 0.648855  0.641210
          100       10.0                  5                 2  0.648855   0.641780 0.648855  0.641083
           16        8.0                 10                 2  0.641221   0.644753 0.641221  0.640774
           64        6.0                  2                 1  0.648855   0.643388 0.648855  0.640737
          200        8.0                 20                 8  0.656489   0.643189 0.656489  0.640510
          100       16.0                  5                 4  0.648855   0.638118 0.648855  0.640508
          100       16.0                  2                 4  0.648855   0.638118 0.648855  0.640508
          200       16.0                  5                 8  0.656489   0.638577 0.656489  0.640351
          200       16.0                  2                 8  0.656489   0.638577 0.656489  0.640351
          200       16.0                 10                 8  0.656489   0.638577 0.656489  0.640351
           16        8.0                  2                 1  0.641221   0.649622 0.641221  0.639919
          200       10.0                  2                 1  0.648855   0.639747 0.648855  0.639873
           32        6.0                  5                 1  0.648855   0.639241 0.648855  0.639655
           64       16.0                  2                 1  0.648855   0.636484 0.648855  0.639642
          100        NaN                 10                 2  0.648855   0.639548 0.648855  0.639566
           32        6.0                 20                 2  0.648855   0.640531 0.648855  0.639554
          128       12.0                 20                 1  0.648855   0.638518 0.648855  0.639410
           32       10.0                  5                 2  0.648855   0.646065 0.648855  0.639291
           64        NaN                  5                 4  0.656489   0.638586 0.656489  0.639284
           64        NaN                  2                 4  0.656489   0.638586 0.656489  0.639284
          200       10.0                 10                 2  0.648855   0.636645 0.648855  0.639258
          200        NaN                  2                 1  0.648855   0.637014 0.648855  0.639139
           64        8.0                 10                 2  0.656489   0.651165 0.656489  0.639128
           64       12.0                  2                 1  0.648855   0.639370 0.648855  0.639018
            8       12.0                 20                 8  0.641221   0.636720 0.641221  0.638941
          200        6.0                  2                12  0.656489   0.638502 0.656489  0.638824
          200        6.0                 20                12  0.656489   0.638502 0.656489  0.638824
          200        6.0                 10                12  0.656489   0.638502 0.656489  0.638824
          200        6.0                  5                12  0.656489   0.638502 0.656489  0.638824
           64       16.0                  2                 2  0.648855   0.639149 0.648855  0.638753
           64        NaN                 10                 4  0.656489   0.640051 0.656489  0.638709
          128        NaN                 20                 2  0.648855   0.637043 0.648855  0.638525
          300        8.0                 20                 2  0.648855   0.639923 0.648855  0.638183
          200       12.0                 10                 4  0.648855   0.635166 0.648855  0.638180
          300       20.0                 10                 2  0.648855   0.637729 0.648855  0.638115
          128       16.0                  5                 2  0.648855   0.637623 0.648855  0.638017
          300        6.0                 10                 1  0.648855   0.637490 0.648855  0.638013
          128       10.0                  5                 1  0.648855   0.645422 0.648855  0.637995
           64       12.0                 20                 2  0.648855   0.642248 0.648855  0.637958
           32        8.0                 20                 8  0.648855   0.642248 0.648855  0.637958
           16       14.0                 20                 1  0.641221   0.638491 0.641221  0.637744
           64       20.0                 20                 2  0.648855   0.636526 0.648855  0.637593
          300        8.0                  2                 2  0.648855   0.636526 0.648855  0.637593
          200       14.0                 20                 1  0.648855   0.636884 0.648855  0.637578
          100       12.0                 20                 4  0.648855   0.634846 0.648855  0.637395
          128       14.0                  5                 2  0.648855   0.632500 0.648855  0.637137
           64       14.0                 20                 2  0.648855   0.637449 0.648855  0.637127
           16        8.0                 20                 4  0.641221   0.637802 0.641221  0.636972
           32       12.0                 10                 2  0.648855   0.636546 0.648855  0.636934
          300        NaN                  5                 8  0.648855   0.633624 0.648855  0.636932
          300        NaN                 10                 8  0.648855   0.633624 0.648855  0.636932
          300        NaN                  2                 8  0.648855   0.633624 0.648855  0.636932
          300       20.0                 10                 8  0.648855   0.633624 0.648855  0.636932
          300       20.0                  5                 8  0.648855   0.633624 0.648855  0.636932
          300       20.0                  2                 8  0.648855   0.633624 0.648855  0.636932
          128        NaN                  2                 1  0.648855   0.633879 0.648855  0.636909
          128        8.0                  5                 8  0.648855   0.632560 0.648855  0.636890
          128        8.0                 10                 8  0.648855   0.632560 0.648855  0.636890
          128        8.0                  2                 8  0.648855   0.632560 0.648855  0.636890
          100       16.0                 10                 4  0.648855   0.637271 0.648855  0.636823
          300       14.0                  5                 2  0.648855   0.635169 0.648855  0.636811
           32       12.0                  5                 1  0.641221   0.638832 0.641221  0.636631
          300       20.0                  5                 1  0.648855   0.630153 0.648855  0.636582
           64       20.0                  2                 2  0.648855   0.640656 0.648855  0.636452
          200       10.0                 20                 8  0.648855   0.634002 0.648855  0.636305
          200        8.0                  5                 1  0.648855   0.638241 0.648855  0.636266
          128        6.0                  2                12  0.648855   0.635439 0.648855  0.636126
          128        6.0                 10                12  0.648855   0.635439 0.648855  0.636126
          300       10.0                 20                 4  0.648855   0.635439 0.648855  0.636126
          128        6.0                  5                12  0.648855   0.635439 0.648855  0.636126
          128        6.0                 20                12  0.648855   0.635439 0.648855  0.636126
          100       14.0                  5                 8  0.648855   0.637637 0.648855  0.636120
          100       14.0                  2                 8  0.648855   0.637637 0.648855  0.636120
          100       14.0                 10                 8  0.648855   0.637637 0.648855  0.636120
          300        8.0                 20                 1  0.648855   0.639839 0.648855  0.636111
          200       16.0                  5                 2  0.648855   0.640486 0.648855  0.636101
          200        NaN                  2                 2  0.648855   0.632852 0.648855  0.635656
          128        8.0                 20                 4  0.648855   0.634209 0.648855  0.635523
           64       16.0                  5                 1  0.641221   0.631091 0.641221  0.635510
          200       16.0                 10                 1  0.648855   0.636047 0.648855  0.635503
          128       12.0                 20                 8  0.648855   0.632132 0.648855  0.635304
          100        6.0                  2                 2  0.648855   0.640000 0.648855  0.635288
          200        6.0                  5                 1  0.648855   0.637830 0.648855  0.635272
          300       20.0                  5                 2  0.648855   0.636343 0.648855  0.635196
          300       20.0                 20                 2  0.648855   0.633716 0.648855  0.635070
          128       14.0                 10                 8  0.648855   0.633557 0.648855  0.635021
          128       14.0                  5                 8  0.648855   0.633557 0.648855  0.635021
          128       14.0                  2                 8  0.648855   0.633557 0.648855  0.635021
          128        8.0                 20                 8  0.648855   0.633557 0.648855  0.635021
           32       12.0                 20                 8  0.641221   0.634417 0.641221  0.634934
           16       14.0                  2                 2  0.633588   0.640200 0.633588  0.634830
          300       12.0                  2                 2  0.648855   0.637996 0.648855  0.634797
           32       12.0                  2                 4  0.641221   0.633876 0.641221  0.634727
           32       12.0                  5                 4  0.641221   0.633876 0.641221  0.634727
          128       12.0                  5                 8  0.648855   0.632502 0.648855  0.634646
          128       12.0                 10                 8  0.648855   0.632502 0.648855  0.634646
          128       12.0                  2                 8  0.648855   0.632502 0.648855  0.634646
          128        6.0                  5                 2  0.648855   0.636678 0.648855  0.634540
          128       20.0                 10                 1  0.641221   0.630909 0.641221  0.634273
          200       20.0                  5                 8  0.648855   0.631593 0.648855  0.634178
          200        NaN                  2                 8  0.648855   0.631593 0.648855  0.634178
          200        NaN                  5                 8  0.648855   0.631593 0.648855  0.634178
          300        NaN                 10                 4  0.648855   0.631593 0.648855  0.634178
          200       20.0                 10                 8  0.648855   0.631593 0.648855  0.634178
          200        NaN                 10                 8  0.648855   0.631593 0.648855  0.634178
          200       20.0                  2                 8  0.648855   0.631593 0.648855  0.634178
           32       12.0                 20                 2  0.641221   0.631244 0.641221  0.634035
           32       14.0                 10                 4  0.641221   0.636821 0.641221  0.633941
           64        8.0                 20                 4  0.648855   0.635035 0.648855  0.633909
          300       14.0                  5                 1  0.641221   0.630543 0.641221  0.633841
           32        6.0                 10                 2  0.641221   0.630763 0.641221  0.633670
          200        8.0                 20                 1  0.648855   0.638782 0.648855  0.633472
          100       10.0                 10                 1  0.641221   0.631075 0.641221  0.633236
           32       10.0                 20                 1  0.641221   0.634782 0.641221  0.633164
           32       20.0                 10                 1  0.633588   0.634261 0.633588  0.632772
          300       16.0                  5                 1  0.641221   0.628809 0.641221  0.632746
           64       20.0                 10                 2  0.641221   0.631360 0.641221  0.632617
          200        NaN                 10                 1  0.641221   0.628601 0.641221  0.632599
          128        8.0                 10                 4  0.641221   0.633342 0.641221  0.632514
          100       12.0                 20                 1  0.641221   0.632120 0.641221  0.632455
          100       20.0                 20                 1  0.641221   0.629829 0.641221  0.632357
          128       12.0                 10                 2  0.648855   0.632284 0.648855  0.632017
          200       20.0                  2                 1  0.641221   0.628850 0.641221  0.632008
          128       16.0                 10                 2  0.641221   0.628430 0.641221  0.631999
          100       14.0                  5                 1  0.641221   0.628402 0.641221  0.631987
          100       16.0                 10                 2  0.641221   0.632970 0.641221  0.631983
          300       10.0                 10                 2  0.641221   0.631188 0.641221  0.631803
           32        6.0                  2                 1  0.641221   0.635728 0.641221  0.631552
           64       14.0                 10                 2  0.641221   0.632550 0.641221  0.631548
           32        NaN                 10                 4  0.641221   0.633748 0.641221  0.631356
           64       14.0                 10                 1  0.641221   0.629728 0.641221  0.631239
           32       14.0                  2                 8  0.641221   0.628707 0.641221  0.631183
           32       14.0                  5                 8  0.641221   0.628707 0.641221  0.631183
           32       14.0                 10                 8  0.641221   0.628707 0.641221  0.631183
           32        6.0                  5                 4  0.641221   0.631224 0.641221  0.631131
           32        6.0                  2                 4  0.641221   0.631224 0.641221  0.631131
          100       10.0                 10                 4  0.641221   0.632528 0.641221  0.631025
          300       12.0                  5                 2  0.641221   0.633562 0.641221  0.631007
          128       14.0                 10                 1  0.641221   0.626404 0.641221  0.630973
          100       10.0                  5                 8  0.641221   0.635093 0.641221  0.630841
          100       10.0                  2                 8  0.641221   0.635093 0.641221  0.630841
          100       10.0                 10                 8  0.641221   0.635093 0.641221  0.630841
          100       12.0                 10                 4  0.641221   0.628990 0.641221  0.630673
           16        6.0                 10                12  0.633588   0.629331 0.633588  0.630593
           16        6.0                 20                12  0.633588   0.629331 0.633588  0.630593
           16        6.0                  2                12  0.633588   0.629331 0.633588  0.630593
           16        6.0                  5                12  0.633588   0.629331 0.633588  0.630593
           16       10.0                  5                 2  0.633588   0.629331 0.633588  0.630593
          200       10.0                 20                 4  0.641221   0.628484 0.641221  0.630455
          100        8.0                 10                 1  0.641221   0.633223 0.641221  0.630448
          100       14.0                  5                 2  0.641221   0.630258 0.641221  0.630361
          100       16.0                 20                 2  0.641221   0.630258 0.641221  0.630361
          200        NaN                 20                 1  0.641221   0.627263 0.641221  0.629992
          200       14.0                 10                 1  0.641221   0.626674 0.641221  0.629655
          300       12.0                 10                 4  0.641221   0.627350 0.641221  0.629577
           16       12.0                 20                 4  0.633588   0.627476 0.633588  0.629568
           16        8.0                 10                 1  0.633588   0.629098 0.633588  0.629371
          200       12.0                  2                 2  0.641221   0.631463 0.641221  0.629293
          128        6.0                  5                 1  0.641221   0.630662 0.641221  0.629018
          128        NaN                  2                 4  0.641221   0.625591 0.641221  0.628961
          128        NaN                  5                 4  0.641221   0.625591 0.641221  0.628961
          200       10.0                 20                 2  0.641221   0.628659 0.641221  0.628956
          128       12.0                  2                 2  0.641221   0.627167 0.641221  0.628836
          200        NaN                  5                 2  0.641221   0.629962 0.641221  0.628731
          300       20.0                 20                 1  0.641221   0.625720 0.641221  0.628643
           32        NaN                 20                 4  0.633588   0.626525 0.633588  0.628641
          128        6.0                  2                 1  0.641221   0.630062 0.641221  0.628595
           16       16.0                 20                 4  0.633588   0.624372 0.633588  0.628167
          300       14.0                  5                 8  0.641221   0.624891 0.641221  0.627998
          300       14.0                  2                 8  0.641221   0.624891 0.641221  0.627998
          300       16.0                  5                 8  0.641221   0.624891 0.641221  0.627998
          300       16.0                  2                 8  0.641221   0.624891 0.641221  0.627998
          300       14.0                 10                 8  0.641221   0.624891 0.641221  0.627998
          300       16.0                 10                 8  0.641221   0.624891 0.641221  0.627998
          300        NaN                 20                 2  0.641221   0.626328 0.641221  0.627819
           32       20.0                 20                 4  0.633588   0.627211 0.633588  0.627611
          300       20.0                 10                 4  0.641221   0.624321 0.641221  0.627598
           64        8.0                  2                 4  0.641221   0.629605 0.641221  0.627562
           64        8.0                  5                 4  0.641221   0.629605 0.641221  0.627562
           16       12.0                 10                 1  0.633588   0.627955 0.633588  0.627427
          100        8.0                 20                 1  0.641221   0.631617 0.641221  0.627282
          128       12.0                  2                 1  0.633588   0.624845 0.633588  0.627225
          128        8.0                  2                 2  0.641221   0.626982 0.641221  0.627215
          128       10.0                  2                 2  0.641221   0.629037 0.641221  0.627191
          300       16.0                 20                 2  0.641221   0.624794 0.641221  0.627091
           32       20.0                  2                 2  0.633588   0.629866 0.633588  0.627080
           16        6.0                  2                 1  0.633588   0.626984 0.633588  0.626794
          200       14.0                  5                 1  0.633588   0.622361 0.633588  0.626721
          100       10.0                  2                 2  0.641221   0.632259 0.641221  0.626675
          128       16.0                 10                 1  0.641221   0.625458 0.641221  0.626420
          128        6.0                  2                 2  0.641221   0.629686 0.641221  0.626314
           32       14.0                 20                 2  0.633588   0.624482 0.633588  0.626273
           16        6.0                 20                 8  0.625954   0.632275 0.625954  0.626204
           32       12.0                  2                 1  0.633588   0.621578 0.633588  0.626013
           32       12.0                 20                 4  0.641221   0.628663 0.641221  0.625911
          100       12.0                  2                 1  0.633588   0.624264 0.633588  0.625743
           16       16.0                 10                 1  0.633588   0.630680 0.633588  0.625723
           32        8.0                 20                 4  0.641221   0.635080 0.641221  0.625690
           64        NaN                  2                 1  0.641221   0.631175 0.641221  0.625671
          100       12.0                  5                 2  0.633588   0.624858 0.633588  0.625661
           64       16.0                 10                 1  0.641221   0.628778 0.641221  0.625626
           32        NaN                 10                 1  0.633588   0.628384 0.633588  0.625610
          300        NaN                  5                 1  0.633588   0.621079 0.633588  0.625546
          100       20.0                  2                 2  0.633588   0.629696 0.633588  0.625538
           32       20.0                  5                 2  0.633588   0.624095 0.633588  0.625144
           16        6.0                 20                 1  0.625954   0.626628 0.625954  0.625138
           16       16.0                  5                 1  0.625954   0.626893 0.625954  0.624996
          100       12.0                 20                 2  0.633588   0.623573 0.633588  0.624979
           32       16.0                 10                 8  0.633588   0.622754 0.633588  0.624953
           32       20.0                  2                 8  0.633588   0.622754 0.633588  0.624953
           32       20.0                 10                 8  0.633588   0.622754 0.633588  0.624953
           32        NaN                 10                 8  0.633588   0.622754 0.633588  0.624953
           32       20.0                  5                 8  0.633588   0.622754 0.633588  0.624953
           32       16.0                  5                 8  0.633588   0.622754 0.633588  0.624953
           32        NaN                  5                 8  0.633588   0.622754 0.633588  0.624953
           32       16.0                  2                 8  0.633588   0.622754 0.633588  0.624953
           32        NaN                  2                 8  0.633588   0.622754 0.633588  0.624953
           32        6.0                 20                 4  0.633588   0.625733 0.633588  0.624614
          200       16.0                 20                 2  0.633588   0.623005 0.633588  0.624517
          200       14.0                 20                 2  0.633588   0.623005 0.633588  0.624517
          100       20.0                 10                 1  0.633588   0.621759 0.633588  0.624511
          128       20.0                  2                 1  0.633588   0.620592 0.633588  0.624506
           16       14.0                 20                 4  0.633588   0.621021 0.633588  0.624380
           32        NaN                  2                 2  0.633588   0.623830 0.633588  0.624218
          100       14.0                 10                 2  0.633588   0.622248 0.633588  0.624186
          128       12.0                 20                 2  0.633588   0.619167 0.633588  0.624180
          128       14.0                  2                 2  0.633588   0.623883 0.633588  0.624065
           32        6.0                  2                 2  0.633588   0.621426 0.633588  0.623950
          200       20.0                  5                 1  0.633588   0.620249 0.633588  0.623721
          128       16.0                  2                 1  0.633588   0.618381 0.633588  0.623688
           16        NaN                 10                 2  0.625954   0.621301 0.625954  0.623544
          128       12.0                  5                 1  0.633588   0.623301 0.633588  0.623452
           32       10.0                 10                 1  0.633588   0.621617 0.633588  0.623297
          128       10.0                 20                 1  0.633588   0.620865 0.633588  0.623037
           64        NaN                  5                 2  0.633588   0.620865 0.633588  0.623037
           64       10.0                 10                 1  0.633588   0.627843 0.633588  0.622676
          300       16.0                 20                 1  0.633588   0.618774 0.633588  0.622640
           16       16.0                 20                 8  0.625954   0.629617 0.625954  0.622601
           16        NaN                 20                 8  0.625954   0.629617 0.625954  0.622601
           16       20.0                 20                 8  0.625954   0.629617 0.625954  0.622601
          100       14.0                  5                 4  0.633588   0.618659 0.633588  0.622594
          100       14.0                  2                 4  0.633588   0.618659 0.633588  0.622594
          128       14.0                  2                 1  0.633588   0.621469 0.633588  0.622539
           64       14.0                  2                 2  0.633588   0.622859 0.633588  0.622494
          100       20.0                 20                 2  0.633588   0.622859 0.633588  0.622494
          128       10.0                 10                 2  0.633588   0.623091 0.633588  0.622473
          128       10.0                 10                 1  0.633588   0.623091 0.633588  0.622473
          100       10.0                 20                 1  0.633588   0.623560 0.633588  0.622348
           16       20.0                 20                 4  0.625954   0.619193 0.625954  0.622323
           32       14.0                  2                 1  0.633588   0.628594 0.633588  0.622298
          200       20.0                 10                 1  0.633588   0.621203 0.633588  0.622264
          100        6.0                  5                 4  0.633588   0.619229 0.633588  0.622022
          100        6.0                  2                 4  0.633588   0.619229 0.633588  0.622022
           16       14.0                 20                 8  0.625954   0.635393 0.625954  0.621903
            8       10.0                  2                 4  0.625954   0.618322 0.625954  0.621866
            8       10.0                  5                 4  0.625954   0.618322 0.625954  0.621866
          100        NaN                  2                 2  0.633588   0.626264 0.633588  0.621724
          300       20.0                 10                 1  0.633588   0.616945 0.633588  0.621690
           16       12.0                 20                 8  0.625954   0.635734 0.625954  0.621365
          200       20.0                 20                 1  0.633588   0.617563 0.633588  0.621348
          100       16.0                 10                 8  0.633588   0.624213 0.633588  0.621248
          100       16.0                  5                 8  0.633588   0.624213 0.633588  0.621248
          100       16.0                  2                 8  0.633588   0.624213 0.633588  0.621248
          128        NaN                 10                 1  0.625954   0.617441 0.625954  0.621025
          200       20.0                 20                 2  0.633588   0.618700 0.633588  0.620894
          100        8.0                 20                 2  0.633588   0.629740 0.633588  0.620845
           16       10.0                  5                 4  0.625954   0.616923 0.625954  0.620757
           16       10.0                  2                 4  0.625954   0.616923 0.625954  0.620757
           32       16.0                 20                 1  0.625954   0.619577 0.625954  0.620714
          128       10.0                 10                 4  0.633588   0.620515 0.633588  0.620609
          100        6.0                  5                 1  0.633588   0.626063 0.633588  0.620605
           16        6.0                  5                 4  0.625954   0.625305 0.625954  0.620479
           16        6.0                  2                 4  0.625954   0.625305 0.625954  0.620479
          200        NaN                 20                 2  0.633588   0.620897 0.633588  0.620443
           32        8.0                  5                 1  0.625954   0.620185 0.625954  0.620239
          128        NaN                 20                 1  0.633588   0.619010 0.633588  0.620185
           32       12.0                 10                 1  0.633588   0.621120 0.633588  0.620098
          100        8.0                 20                 8  0.633588   0.618556 0.633588  0.620007
          100        8.0                  5                 8  0.633588   0.620589 0.633588  0.619892
          100        8.0                 10                 8  0.633588   0.620589 0.633588  0.619892
          100        8.0                  2                 8  0.633588   0.620589 0.633588  0.619892
           32       10.0                  5                 1  0.625954   0.616845 0.625954  0.619372
          200        8.0                 20                 2  0.633588   0.618906 0.633588  0.619346
           32       16.0                  5                 1  0.625954   0.616067 0.625954  0.619250
          128        8.0                  5                 1  0.633588   0.625792 0.633588  0.618988
           16       12.0                 10                 2  0.625954   0.614571 0.625954  0.618905
          128        8.0                 20                 2  0.633588   0.622202 0.633588  0.618851
          100       16.0                 10                 1  0.633588   0.617567 0.633588  0.618784
           32       14.0                 10                 2  0.625954   0.614759 0.625954  0.618709
          100        8.0                  5                 2  0.633588   0.629688 0.633588  0.618681
          200        8.0                 10                 2  0.633588   0.623282 0.633588  0.618328
          100       14.0                 20                 2  0.625954   0.620138 0.625954  0.617884
          100       20.0                  5                 8  0.633588   0.619874 0.633588  0.617853
          100        NaN                 10                 8  0.633588   0.619874 0.633588  0.617853
          100        NaN                  5                 8  0.633588   0.619874 0.633588  0.617853
          100        NaN                  2                 8  0.633588   0.619874 0.633588  0.617853
          100       20.0                  2                 8  0.633588   0.619874 0.633588  0.617853
          100       20.0                 10                 8  0.633588   0.619874 0.633588  0.617853
          100       10.0                 20                 4  0.625954   0.617894 0.625954  0.617832
          128        NaN                  5                 8  0.633588   0.617387 0.633588  0.617458
          128        NaN                 10                 8  0.633588   0.617387 0.633588  0.617458
          128       20.0                 10                 8  0.633588   0.617387 0.633588  0.617458
          128       20.0                  2                 8  0.633588   0.617387 0.633588  0.617458
          128       20.0                  5                 8  0.633588   0.617387 0.633588  0.617458
          128        NaN                  2                 8  0.633588   0.617387 0.633588  0.617458
           64       14.0                  5                 4  0.633588   0.614901 0.633588  0.617208
           64       14.0                  2                 4  0.633588   0.614901 0.633588  0.617208
           32        6.0                 10                 4  0.625954   0.618539 0.625954  0.617198
          128       12.0                  5                 2  0.625954   0.615788 0.625954  0.617188
          128        NaN                  2                 2  0.633588   0.618446 0.633588  0.616984
           16       16.0                 10                 2  0.618321   0.615236 0.618321  0.616644
           16        8.0                  5                 2  0.618321   0.615030 0.618321  0.616542
          128       16.0                  5                 1  0.625954   0.610669 0.625954  0.616497
           64       20.0                  2                 4  0.641221   0.616484 0.641221  0.616400
           64       20.0                  5                 4  0.641221   0.616484 0.641221  0.616400
           32        6.0                 20                 1  0.625954   0.621841 0.625954  0.616392
          128       16.0                 20                 2  0.625954   0.617955 0.625954  0.616186
          200       16.0                  2                 1  0.625954   0.614540 0.625954  0.616113
           32        NaN                 20                 1  0.625954   0.616858 0.625954  0.615969
           32        NaN                 20                 2  0.625954   0.613466 0.625954  0.615855
          128        NaN                 10                 2  0.625954   0.613951 0.625954  0.615776
          128        8.0                  5                 2  0.633588   0.625668 0.633588  0.615616
           32       16.0                  2                 1  0.625954   0.628679 0.625954  0.615521
          128       20.0                  2                 2  0.625954   0.617293 0.625954  0.615466
          200       12.0                  5                 2  0.625954   0.617293 0.625954  0.615466
          100       20.0                  2                 1  0.625954   0.614936 0.625954  0.615381
          128       14.0                  5                 4  0.625954   0.610755 0.625954  0.614956
          128       14.0                  2                 4  0.625954   0.610755 0.625954  0.614956
          100       14.0                  2                 1  0.625954   0.610486 0.625954  0.614693
          300       14.0                 20                 2  0.625954   0.613140 0.625954  0.614221
           32       16.0                  2                 2  0.625954   0.617436 0.625954  0.614018
          128        6.0                 20                 4  0.633588   0.618702 0.633588  0.613904
          100        NaN                 20                 2  0.625954   0.615286 0.625954  0.613807
          128       14.0                 10                 4  0.625954   0.614341 0.625954  0.613782
          128       12.0                 10                 4  0.625954   0.609574 0.625954  0.613603
           64       16.0                 20                 2  0.625954   0.610905 0.625954  0.613459
           16        6.0                  5                 1  0.618321   0.613845 0.618321  0.613451
          100       20.0                  5                 1  0.625954   0.610049 0.625954  0.612696
           32        NaN                  5                 4  0.625954   0.614595 0.625954  0.612414
           32        NaN                  2                 4  0.625954   0.614595 0.625954  0.612414
          100        8.0                 20                 4  0.625954   0.610454 0.625954  0.612353
           16       10.0                 20                 8  0.618321   0.625013 0.618321  0.612291
           32       16.0                  2                 4  0.625954   0.611502 0.625954  0.612105
           32       16.0                  5                 4  0.625954   0.611502 0.625954  0.612105
           64       10.0                  5                 1  0.625954   0.612822 0.625954  0.612085
          128       20.0                  5                 4  0.625954   0.608773 0.625954  0.611602
          128       20.0                  2                 4  0.625954   0.608773 0.625954  0.611602
          200       10.0                 20                 1  0.625954   0.612353 0.625954  0.611437
           32       20.0                 20                 1  0.618321   0.609028 0.618321  0.611365
          300       16.0                 10                 1  0.625954   0.606939 0.625954  0.611271
           32        NaN                 10                 2  0.618321   0.610149 0.618321  0.611188
           16       14.0                  5                 8  0.610687   0.620239 0.610687  0.610795
           16       14.0                 10                 8  0.610687   0.620239 0.610687  0.610795
           16       14.0                  2                 8  0.610687   0.620239 0.610687  0.610795
           64       14.0                  5                 1  0.618321   0.610730 0.618321  0.610780
           16        NaN                 20                 4  0.618321   0.607333 0.618321  0.610516
          128        NaN                  5                 2  0.625954   0.607260 0.625954  0.609803
          100        NaN                 10                 1  0.610687   0.613942 0.610687  0.609709
           16       12.0                 20                 2  0.610687   0.609974 0.610687  0.609660
           16       12.0                  5                 2  0.610687   0.612473 0.610687  0.609587
          100       14.0                  2                 2  0.618321   0.607881 0.618321  0.609502
           32       20.0                  2                 4  0.625954   0.611795 0.625954  0.609354
           32       20.0                  5                 4  0.625954   0.611795 0.625954  0.609354
           16        8.0                 10                 8  0.610687   0.623809 0.610687  0.609057
           16        8.0                  2                 8  0.610687   0.623809 0.610687  0.609057
           16        8.0                  5                 8  0.610687   0.623809 0.610687  0.609057
          128       14.0                 10                 2  0.618321   0.604752 0.618321  0.608803
           16        8.0                 20                 8  0.610687   0.618576 0.610687  0.608762
           32       14.0                  2                 4  0.625954   0.603656 0.625954  0.608677
           32       14.0                  5                 4  0.625954   0.603656 0.625954  0.608677
           64        NaN                 10                 1  0.618321   0.611414 0.618321  0.608605
           32       16.0                 10                 4  0.618321   0.616602 0.618321  0.608563
          128       16.0                 10                 4  0.618321   0.608760 0.618321  0.608446
           64       20.0                  2                 1  0.625954   0.610881 0.625954  0.608368
          300        NaN                 10                 1  0.618321   0.604591 0.618321  0.608087
          128        8.0                  2                 1  0.618321   0.609224 0.618321  0.607620
           16        6.0                  5                 8  0.610687   0.607216 0.610687  0.607141
           16        6.0                  2                 8  0.610687   0.607216 0.610687  0.607141
           16        6.0                 10                 8  0.610687   0.607216 0.610687  0.607141
          128       14.0                 20                 2  0.618321   0.604745 0.618321  0.606570
          128       10.0                 20                 4  0.618321   0.604745 0.618321  0.606570
           32       10.0                 20                 4  0.618321   0.611176 0.618321  0.606458
          200       16.0                 20                 1  0.618321   0.603247 0.618321  0.605925
           16       10.0                 20                 4  0.610687   0.604162 0.610687  0.605358
           32       14.0                  2                 2  0.610687   0.606916 0.610687  0.605150
           32        6.0                  5                 2  0.618321   0.607030 0.618321  0.604990
          128       20.0                 20                 1  0.618321   0.601044 0.618321  0.604773
           32       14.0                 10                 1  0.610687   0.600930 0.610687  0.604468
          100       10.0                  5                 1  0.618321   0.618963 0.618321  0.604437
           16       10.0                 20                 1  0.610687   0.606260 0.610687  0.604333
          100        8.0                  5                 1  0.618321   0.621249 0.618321  0.604102
           32        8.0                  2                 4  0.610687   0.600411 0.610687  0.603916
           32        8.0                  5                 4  0.610687   0.600411 0.610687  0.603916
           64       14.0                  2                 1  0.618321   0.604978 0.618321  0.603864
           16        8.0                 20                 2  0.603053   0.608425 0.603053  0.603810
            8       10.0                  2                12  0.610687   0.597838 0.610687  0.603740
            8       10.0                 20                12  0.610687   0.597838 0.610687  0.603740
            8       10.0                  5                12  0.610687   0.597838 0.610687  0.603740
            8       10.0                 10                12  0.610687   0.597838 0.610687  0.603740
          200       12.0                 20                 1  0.618321   0.601395 0.618321  0.603714
          128       14.0                  5                 1  0.610687   0.599120 0.610687  0.603689
          128        NaN                  5                 1  0.610687   0.599009 0.610687  0.603687
          128       20.0                  5                 1  0.618321   0.598199 0.618321  0.603348
           16        NaN                 10                 4  0.610687   0.601340 0.610687  0.603212
           32       12.0                  5                 2  0.610687   0.602870 0.610687  0.603193
           16       16.0                 20                 1  0.603053   0.606458 0.603053  0.603053
           16       10.0                 10                 2  0.610687   0.607012 0.610687  0.602904
          128        8.0                 10                 2  0.618321   0.611283 0.618321  0.602454
           16        6.0                  2                 2  0.603053   0.607915 0.603053  0.601795
          100        NaN                  5                 2  0.618321   0.603654 0.618321  0.601217
          100       16.0                 20                 1  0.610687   0.605690 0.610687  0.600768
            8        8.0                  2                12  0.603053   0.599692 0.603053  0.600142
            8        8.0                  5                12  0.603053   0.599692 0.603053  0.600142
            8        8.0                 10                12  0.603053   0.599692 0.603053  0.600142
            8        8.0                 20                12  0.603053   0.599692 0.603053  0.600142
          100       14.0                 10                 4  0.610687   0.595940 0.610687  0.599088
          128       16.0                 20                 1  0.610687   0.597516 0.610687  0.598931
           32       16.0                 20                 2  0.610687   0.591843 0.610687  0.598380
           16       12.0                 10                 4  0.603053   0.594759 0.603053  0.598020
           16       10.0                 20                 2  0.603053   0.596152 0.603053  0.598011
            8        6.0                  5                 4  0.603053   0.598827 0.603053  0.597841
            8        6.0                  2                 4  0.603053   0.598827 0.603053  0.597841
           16       10.0                 10                 4  0.603053   0.605492 0.603053  0.597809
           16        6.0                 20                 2  0.595420   0.602015 0.595420  0.597135
            8        6.0                 10                 2  0.603053   0.592694 0.603053  0.596170
            8        8.0                 10                 8  0.595420   0.613136 0.595420  0.595973
            8        8.0                  2                 8  0.595420   0.613136 0.595420  0.595973
            8        8.0                  5                 8  0.595420   0.613136 0.595420  0.595973
           16        8.0                  5                12  0.595420   0.600059 0.595420  0.595669
           16        8.0                 10                12  0.595420   0.600059 0.595420  0.595669
           16        8.0                 20                12  0.595420   0.600059 0.595420  0.595669
           16        8.0                  2                12  0.595420   0.600059 0.595420  0.595669
          200        NaN                  5                 1  0.603053   0.591396 0.603053  0.595501
          128       20.0                 20                 2  0.610687   0.593003 0.610687  0.595293
            8       20.0                  2                12  0.603053   0.589016 0.603053  0.595213
            8       16.0                  5                12  0.603053   0.589016 0.603053  0.595213
            8       20.0                  5                12  0.603053   0.589016 0.603053  0.595213
            8       12.0                  2                12  0.603053   0.589016 0.603053  0.595213
            8       16.0                 20                12  0.603053   0.589016 0.603053  0.595213
            8        NaN                  5                12  0.603053   0.589016 0.603053  0.595213
            8       12.0                  5                12  0.603053   0.589016 0.603053  0.595213
            8       14.0                  5                12  0.603053   0.589016 0.603053  0.595213
            8        NaN                 10                12  0.603053   0.589016 0.603053  0.595213
            8       14.0                  2                12  0.603053   0.589016 0.603053  0.595213
            8       12.0                 20                12  0.603053   0.589016 0.603053  0.595213
            8        NaN                 20                12  0.603053   0.589016 0.603053  0.595213
            8       14.0                 10                12  0.603053   0.589016 0.603053  0.595213
            8        NaN                  2                12  0.603053   0.589016 0.603053  0.595213
            8       14.0                 20                12  0.603053   0.589016 0.603053  0.595213
            8       20.0                 20                12  0.603053   0.589016 0.603053  0.595213
            8       12.0                 10                12  0.603053   0.589016 0.603053  0.595213
            8       20.0                 10                12  0.603053   0.589016 0.603053  0.595213
            8       16.0                  2                12  0.603053   0.589016 0.603053  0.595213
            8       16.0                 10                12  0.603053   0.589016 0.603053  0.595213
           16        6.0                 10                 1  0.595420   0.595610 0.595420  0.595028
            8       12.0                 20                 2  0.603053   0.590272 0.603053  0.594860
           32       12.0                 20                 1  0.603053   0.601610 0.603053  0.594771
           32        NaN                  2                 1  0.610687   0.595511 0.610687  0.594540
            8       12.0                  2                 1  0.603053   0.590957 0.603053  0.594231
           16        6.0                 10                 2  0.595420   0.596323 0.595420  0.594021
            8        6.0                  2                 1  0.603053   0.590320 0.603053  0.593925
          100       16.0                  2                 1  0.603053   0.589687 0.603053  0.593701
           16        8.0                 10                 4  0.595420   0.592154 0.595420  0.593649
           16        NaN                 20                 1  0.595420   0.591876 0.595420  0.593132
           32       20.0                  2                 1  0.603053   0.594313 0.603053  0.592878
           16       20.0                 10                 4  0.603053   0.590526 0.603053  0.592800
           16        6.0                  5                 2  0.595420   0.595793 0.595420  0.592234
          100        NaN                  5                 1  0.595420   0.589245 0.595420  0.592206
           16       10.0                  2                 2  0.595420   0.589122 0.595420  0.592036
           32       20.0                 20                 2  0.603053   0.588501 0.603053  0.591934
           32       10.0                 20                 2  0.603053   0.597683 0.603053  0.591703
           16       12.0                 20                 1  0.603053   0.589846 0.603053  0.591683
           16       16.0                  2                 1  0.595420   0.592478 0.595420  0.591590
           32       14.0                 20                 4  0.603053   0.592247 0.603053  0.590296
           16        NaN                  5                 4  0.603053   0.585027 0.603053  0.589986
           16        NaN                  2                 4  0.603053   0.585027 0.603053  0.589986
          100       10.0                 20                 2  0.603053   0.591291 0.603053  0.588560
           16       14.0                 20                 2  0.595420   0.584034 0.595420  0.588142
           16       20.0                  5                 4  0.603053   0.582075 0.603053  0.587429
           16       20.0                  2                 4  0.603053   0.582075 0.603053  0.587429
          100        8.0                 10                 2  0.603053   0.601031 0.603053  0.586406
           16       14.0                  5                 2  0.595420   0.586010 0.595420  0.586216
           16       16.0                  5                 4  0.595420   0.579931 0.595420  0.585352
           16       16.0                  2                 4  0.595420   0.579931 0.595420  0.585352
           32        NaN                  5                 1  0.587786   0.585214 0.587786  0.585281
           32       12.0                  2                 2  0.603053   0.583092 0.603053  0.584539
           16       20.0                 10                 2  0.587786   0.581003 0.587786  0.583909
           64       20.0                  5                 1  0.595420   0.579298 0.595420  0.582969
           16        8.0                  5                 1  0.587786   0.581881 0.587786  0.582885
           32       20.0                  5                 1  0.587786   0.585077 0.587786  0.582324
           16       16.0                 20                 2  0.587786   0.578550 0.587786  0.582113
           16        NaN                  2                 2  0.587786   0.586763 0.587786  0.581091
           32       20.0                 10                 2  0.587786   0.578805 0.587786  0.580849
            8        8.0                 20                 2  0.580153   0.583073 0.580153  0.580815
           16       10.0                  2                 8  0.580153   0.590952 0.580153  0.580558
           16       10.0                  5                 8  0.580153   0.590952 0.580153  0.580558
           16       10.0                 10                 8  0.580153   0.590952 0.580153  0.580558
          128       10.0                 20                 2  0.595420   0.580241 0.595420  0.579467
            8       14.0                 20                 2  0.587786   0.576681 0.587786  0.579037
           16       12.0                  2                 4  0.587786   0.573242 0.587786  0.578938
           16       12.0                  5                 4  0.587786   0.573242 0.587786  0.578938
           16        NaN                  5                 1  0.580153   0.581358 0.580153  0.578298
           16        8.0                  2                 2  0.580153   0.576604 0.580153  0.578242
           16        8.0                  5                 4  0.580153   0.577227 0.580153  0.577867
           16        8.0                  2                 4  0.580153   0.577227 0.580153  0.577867
           32       14.0                  5                 2  0.587786   0.577776 0.587786  0.577401
           64        NaN                  5                 1  0.587786   0.573373 0.587786  0.577291
           16       12.0                 10                 8  0.580153   0.575216 0.580153  0.577246
           16       12.0                  5                 8  0.580153   0.575216 0.580153  0.577246
           16       12.0                  2                 8  0.580153   0.575216 0.580153  0.577246
           16       20.0                 20                 2  0.587786   0.576333 0.587786  0.577072
           32        NaN                  5                 2  0.587786   0.572492 0.587786  0.575545
            8       10.0                 20                 2  0.580153   0.574002 0.580153  0.575505
           16       20.0                  5                 8  0.572519   0.584303 0.572519  0.573710
           16       16.0                  2                 8  0.572519   0.584303 0.572519  0.573710
           16       20.0                  2                 8  0.572519   0.584303 0.572519  0.573710
           16       16.0                 10                 8  0.572519   0.584303 0.572519  0.573710
           16        NaN                  2                 8  0.572519   0.584303 0.572519  0.573710
           16        NaN                 10                 8  0.572519   0.584303 0.572519  0.573710
           16        NaN                  5                 8  0.572519   0.584303 0.572519  0.573710
           16       16.0                  5                 8  0.572519   0.584303 0.572519  0.573710
           16       20.0                 10                 8  0.572519   0.584303 0.572519  0.573710
           16        NaN                  5                 2  0.572519   0.577295 0.572519  0.573641
           16       20.0                  2                 2  0.572519   0.575010 0.572519  0.572845
            8        6.0                  5                 2  0.580153   0.580838 0.580153  0.572416
           32       16.0                 10                 1  0.587786   0.577995 0.587786  0.572414
            8        6.0                  2                12  0.580153   0.567249 0.580153  0.572137
            8        6.0                 20                12  0.580153   0.567249 0.580153  0.572137
            8        6.0                  5                12  0.580153   0.567249 0.580153  0.572137
            8        6.0                 10                12  0.580153   0.567249 0.580153  0.572137
           16        6.0                 10                 4  0.572519   0.567475 0.572519  0.569975
           16       14.0                  2                 1  0.572519   0.580056 0.572519  0.568918
            8        NaN                 20                 4  0.572519   0.570030 0.572519  0.568488
            8       20.0                 20                 4  0.572519   0.570030 0.572519  0.568488
            8        6.0                  2                 2  0.572519   0.565667 0.572519  0.568234
            8       14.0                 20                 4  0.580153   0.562889 0.580153  0.568136
           16       14.0                 10                 4  0.580153   0.569755 0.580153  0.567785
            8       10.0                 20                 4  0.572519   0.570009 0.572519  0.565860
            8        6.0                 10                 4  0.572519   0.560789 0.572519  0.565032
           16        NaN                 20                 2  0.572519   0.562758 0.572519  0.564393
           16       20.0                 20                 1  0.564885   0.566096 0.564885  0.564343
            8       10.0                 20                 8  0.564885   0.564657 0.564885  0.564191
            8       16.0                  5                 2  0.580153   0.581837 0.580153  0.564171
           16       12.0                  5                 1  0.564885   0.570473 0.564885  0.563590
            8       12.0                  2                 4  0.580153   0.559682 0.580153  0.562738
            8       12.0                  5                 4  0.580153   0.559682 0.580153  0.562738
            8       12.0                 10                 1  0.564885   0.561532 0.564885  0.562719
           16       20.0                  5                 2  0.564885   0.565112 0.564885  0.561961
            8        8.0                 10                 4  0.564885   0.559075 0.564885  0.561848
            8       10.0                 10                 4  0.564885   0.564941 0.564885  0.561694
           16       14.0                  2                 4  0.564885   0.558546 0.564885  0.561646
           16       14.0                  5                 4  0.564885   0.558546 0.564885  0.561646
            8       10.0                  5                 2  0.564885   0.565585 0.564885  0.561289
           16       16.0                 10                 4  0.572519   0.562656 0.572519  0.560670
           16       20.0                  5                 1  0.564885   0.563016 0.564885  0.558453
           16       12.0                  2                 1  0.564885   0.560509 0.564885  0.558011
            8       12.0                 10                 4  0.564885   0.553775 0.564885  0.557397
           16        6.0                 20                 4  0.557252   0.557732 0.557252  0.557285
            8       16.0                 10                 1  0.572519   0.568503 0.572519  0.557267
            8       14.0                  5                 4  0.564885   0.552504 0.564885  0.556524
            8       14.0                  2                 4  0.564885   0.552504 0.564885  0.556524
           16       10.0                  2                 1  0.557252   0.568725 0.557252  0.555352
            8        6.0                 10                 1  0.557252   0.552713 0.557252  0.554911
            8        8.0                  2                 1  0.564885   0.550163 0.564885  0.552973
            8       14.0                 20                 1  0.557252   0.550290 0.557252  0.552319
            8       20.0                  2                 2  0.557252   0.557088 0.557252  0.551440
            8        6.0                 20                 4  0.549618   0.552597 0.549618  0.550414
           16        8.0                 20                 1  0.549618   0.553326 0.549618  0.549679
            8        8.0                 20                 1  0.549618   0.549522 0.549618  0.549372
           16       20.0                 10                 1  0.549618   0.552091 0.549618  0.548867
           16       14.0                 10                 1  0.557252   0.556408 0.557252  0.547408
            8        8.0                 10                 1  0.549618   0.543927 0.549618  0.546558
            8        8.0                  2                 4  0.549618   0.545716 0.549618  0.546458
            8        8.0                  5                 4  0.549618   0.545716 0.549618  0.546458
            8       14.0                 10                 4  0.564885   0.547483 0.564885  0.543782
            8       16.0                  2                 2  0.549618   0.561699 0.549618  0.543681
            8        8.0                  5                 2  0.541985   0.543915 0.541985  0.542183
            8        8.0                 20                 4  0.541985   0.540550 0.541985  0.540538
            8       10.0                 10                 2  0.541985   0.538190 0.541985  0.540018
            8        8.0                 20                 8  0.541985   0.550594 0.541985  0.539395
            8       14.0                 10                 2  0.541985   0.539089 0.541985  0.539345
           16       12.0                  2                 2  0.549618   0.542270 0.549618  0.539331
            8        NaN                 10                 2  0.541985   0.537052 0.541985  0.539300
            8        6.0                 10                 8  0.541985   0.540160 0.541985  0.538956
            8        6.0                  2                 8  0.541985   0.540160 0.541985  0.538956
            8        6.0                  5                 8  0.541985   0.540160 0.541985  0.538956
            8       10.0                  2                 2  0.549618   0.538411 0.549618  0.538418
            8       16.0                 20                 2  0.541985   0.534465 0.541985  0.537983
            8       16.0                 20                 4  0.541985   0.537733 0.541985  0.537895
            8       12.0                 10                 2  0.541985   0.535428 0.541985  0.537195
           16       14.0                  5                 1  0.534351   0.561144 0.534351  0.537148
           16        NaN                  2                 1  0.541985   0.533133 0.541985  0.537089
            8       12.0                 20                 1  0.541985   0.533176 0.541985  0.536815
            8        6.0                  5                 1  0.541985   0.533866 0.541985  0.536514
            8       16.0                  5                 1  0.541985   0.536552 0.541985  0.535849
            8        6.0                 20                 2  0.534351   0.539061 0.534351  0.535562
            8       12.0                  5                 8  0.534351   0.537951 0.534351  0.535489
            8       12.0                 10                 8  0.534351   0.537951 0.534351  0.535489
            8       12.0                  2                 8  0.534351   0.537951 0.534351  0.535489
            8        6.0                 20                 8  0.534351   0.547740 0.534351  0.535384
            8       20.0                 20                 2  0.534351   0.536519 0.534351  0.532952
            8       10.0                  5                 1  0.534351   0.568655 0.534351  0.532734
            8       12.0                  5                 2  0.534351   0.531440 0.534351  0.531228
            8       10.0                  2                 1  0.534351   0.532318 0.534351  0.531093
            8       16.0                  2                 1  0.534351   0.524363 0.534351  0.527947
           16       20.0                  2                 1  0.534351   0.525966 0.534351  0.527758
            8       16.0                 10                 2  0.526718   0.529241 0.526718  0.527045
            8       14.0                  5                 2  0.526718   0.528068 0.526718  0.526291
            8        NaN                 20                 2  0.534351   0.528499 0.534351  0.526210
            8        NaN                  2                 2  0.541985   0.539831 0.541985  0.526087
           16       10.0                 10                 1  0.526718   0.535510 0.526718  0.524441
            8       14.0                 10                 8  0.526718   0.527636 0.526718  0.524428
            8       14.0                  2                 8  0.526718   0.527636 0.526718  0.524428
            8       14.0                  5                 8  0.526718   0.527636 0.526718  0.524428
            8       16.0                 20                 1  0.526718   0.521695 0.526718  0.523997
            8        8.0                 10                 2  0.526718   0.519864 0.526718  0.522722
            8        8.0                  5                 1  0.526718   0.519770 0.526718  0.522471
            8        NaN                 20                 1  0.526718   0.517634 0.526718  0.521440
            8        NaN                  5                 4  0.541985   0.520556 0.541985  0.520516
            8        NaN                  2                 4  0.541985   0.520556 0.541985  0.520516
            8        NaN                 10                 4  0.541985   0.526190 0.541985  0.519711
            8       12.0                 20                 4  0.526718   0.513315 0.526718  0.519355
            8       20.0                  5                 1  0.526718   0.522105 0.526718  0.519261
            8       14.0                  2                 2  0.519084   0.523295 0.519084  0.518943
            8       20.0                  5                 4  0.541985   0.521746 0.541985  0.518902
            8       20.0                  2                 4  0.541985   0.521746 0.541985  0.518902
            8       16.0                  2                 4  0.534351   0.517084 0.534351  0.518888
            8       16.0                  5                 4  0.534351   0.517084 0.534351  0.518888
            8        NaN                  2                 1  0.534351   0.512598 0.534351  0.517400
           16       10.0                  5                 1  0.526718   0.525777 0.526718  0.516682
            8       12.0                  2                 2  0.526718   0.517993 0.526718  0.516154
            8       20.0                  5                 2  0.519084   0.515022 0.519084  0.515345
           16        NaN                 10                 1  0.511450   0.519522 0.511450  0.512662
            8       10.0                 20                 1  0.519084   0.509808 0.519084  0.509934
            8        6.0                 20                 1  0.511450   0.508098 0.511450  0.509072
            8       16.0                 10                 4  0.526718   0.508995 0.526718  0.508316
            8       20.0                  5                 8  0.503817   0.509811 0.503817  0.504751
            8       16.0                 10                 8  0.503817   0.509811 0.503817  0.504751
            8       20.0                  2                 8  0.503817   0.509811 0.503817  0.504751
            8       20.0                 10                 8  0.503817   0.509811 0.503817  0.504751
            8        NaN                 10                 8  0.503817   0.509811 0.503817  0.504751
            8       16.0                  5                 8  0.503817   0.509811 0.503817  0.504751
            8        NaN                  2                 8  0.503817   0.509811 0.503817  0.504751
            8       16.0                  2                 8  0.503817   0.509811 0.503817  0.504751
            8        NaN                  5                 8  0.503817   0.509811 0.503817  0.504751
            8        NaN                 10                 1  0.496183   0.509603 0.496183  0.500012
            8        8.0                  2                 2  0.496183   0.499792 0.496183  0.496644
            8       14.0                  5                 1  0.503817   0.497061 0.503817  0.493964
            8       20.0                 10                 4  0.511450   0.495138 0.511450  0.493377
            8       14.0                  2                 1  0.503817   0.485788 0.503817  0.491423
            8       20.0                 10                 2  0.496183   0.490004 0.496183  0.487856
            8       10.0                  5                 8  0.488550   0.488334 0.488550  0.486477
            8       10.0                 10                 8  0.488550   0.488334 0.488550  0.486477
            8       10.0                  2                 8  0.488550   0.488334 0.488550  0.486477
            8       20.0                  2                 1  0.488550   0.480190 0.488550  0.483937
            8       14.0                 10                 1  0.496183   0.492071 0.496183  0.483166
            8        NaN                  5                 1  0.480916   0.482573 0.480916  0.480997
            8       10.0                 10                 1  0.480916   0.477075 0.480916  0.475979
            8       12.0                  5                 1  0.473282   0.479995 0.473282  0.472301
            8       20.0                 10                 1  0.465649   0.466872 0.465649  0.465919
            8       20.0                 20                 1  0.458015   0.459175 0.458015  0.458136
            8        NaN                  5                 2  0.450382   0.450463 0.450382  0.450008

================================================================================
END OF REPORT
================================================================================
